日時,燃料,弾薬,鋼材,ボーキ,高速建造材,高速修復材,開発資材,改修資材,司令部Lv,提督Exp
2016/09/15 22:41:42,20516,19523,17819,20707,2357,1090,1086,72,114,9441881
2016/09/16 20:29:30,20789,19947,17100,20943,2359,1094,1087,72,114,9443146
2016/09/16 21:02:45,19765,18354,14709,20169,2361,1096,1078,65,114,9443656
2016/09/16 21:41:17,19709,18149,14798,20112,2361,1097,1080,65,114,9447229
2016/09/16 22:04:07,19628,17897,15022,20050,2362,1098,1081,65,114,9450200
2016/09/17 21:44:49,21854,21760,17690,20649,2363,1101,1083,65,114,9452935
2016/09/17 22:00:33,21626,21442,17775,20679,2364,1101,1085,65,114,9453350
2016/09/17 23:08:49,18906,18030,13452,18742,2366,1106,1088,66,114,9456822
2016/09/18 09:29:28,19572,18399,14365,19531,2366,1108,1089,66,114,9458882
2016/09/18 10:01:08,19521,17229,13786,19590,2370,1112,1089,66,114,9459168
2016/09/18 10:37:39,18905,16866,14092,19432,2371,1115,1090,65,114,9460768
2016/09/18 11:00:50,19197,17085,14316,19400,2371,1115,1091,65,114,9463693
2016/09/18 12:40:33,19168,17070,14363,19343,2371,1115,1091,65,114,9463693
2016/09/18 13:09:51,19285,17656,14804,19458,2371,1115,1092,65,114,9463798
2016/09/18 14:03:08,18952,16537,13724,18991,2371,1115,1093,65,114,9466193
2016/09/18 15:26:32,18430,15893,13751,18633,2371,1115,1096,65,114,9467199
2016/09/18 16:43:39,18877,17024,14242,18679,2371,1115,1096,65,114,9467384
2016/09/18 18:03:04,18909,17105,14228,18706,2371,1115,1096,65,114,9467384
2016/09/18 19:32:55,19388,18248,14765,18756,2371,1115,1096,65,114,9467569
2016/09/18 20:15:35,19400,18490,14455,18790,2371,1115,1096,65,114,9467609
2016/09/18 21:02:54,20094,19335,15568,18781,2372,1117,1096,65,114,9470019
2016/09/18 21:08:03,20250,19538,15564,18802,2372,1117,1096,65,114,9470059
2016/09/18 22:12:46,20186,19604,15385,18824,2372,1117,1096,65,114,9470059
2016/09/19 09:49:32,20967,19787,16449,19584,2373,1117,1096,65,114,9470683
2016/09/19 10:06:01,19555,18295,14587,18480,2374,1119,1095,65,114,9470683
2016/09/19 11:07:58,20172,18158,15325,18090,2375,1122,1093,64,114,9480892
2016/09/19 12:28:47,20182,18173,15537,18117,2375,1122,1094,64,114,9480892
2016/09/19 13:00:42,21182,19344,15996,18648,2375,1124,1097,65,114,9484729
2016/09/19 14:01:34,20700,18898,16183,18554,2375,1126,1099,66,114,9488468
2016/09/19 15:00:52,20895,19040,16243,18644,2376,1126,1100,66,114,9493113
2016/09/19 16:19:52,20670,19307,16717,18750,2376,1126,1100,66,114,9494723
2016/09/19 17:03:38,20675,19352,16684,18765,2376,1126,1100,66,114,9494723
2016/09/19 19:02:57,21221,19946,16709,18825,2376,1126,1100,66,114,9494808
2016/09/19 20:00:18,21316,20328,17050,18834,2376,1126,1101,66,114,9495413
2016/09/19 21:00:37,21072,19881,17693,18574,2376,1126,1104,69,114,9513145
2016/09/21 12:55:22,24762,23885,20926,20287,2373,1138,1113,69,114,9560006
2016/09/21 13:04:00,24683,24255,21228,20290,2373,1138,1113,69,114,9560056
2016/09/21 14:00:14,18277,15910,12979,16115,2377,1141,1112,68,114,9560096
2016/09/21 14:52:20,18720,16153,13227,16327,2377,1141,1115,69,114,9560722
2016/09/21 15:01:11,18718,16157,13233,16330,2377,1141,1115,69,114,9560722
2016/09/21 16:07:26,18549,16371,13733,16402,2377,1142,1117,69,114,9566112
2016/09/21 17:01:37,19207,16856,14382,16590,2377,1143,1119,69,114,9568149
2016/09/21 18:32:13,19441,17135,14483,16640,2377,1143,1119,69,114,9568189
2016/09/21 19:00:48,19890,17957,14817,16650,2377,1143,1119,69,114,9568329
2016/09/21 19:52:11,20218,18414,14957,16837,2377,1143,1119,69,114,9568369
2016/09/21 20:01:38,20173,18396,14909,16840,2377,1143,1119,69,114,9568369
2016/09/21 20:08:48,20182,18385,14868,16843,2377,1143,1119,69,114,9568529
2016/09/22 10:17:33,22324,19357,15956,17623,2378,1145,1119,69,114,9571313
2016/09/22 12:02:27,21061,15499,12790,16518,2381,1150,1118,62,114,9575972
2016/09/22 13:01:41,20924,14966,13521,16328,2381,1151,1122,62,114,9584268
2016/09/22 14:03:13,19611,14004,12568,16794,2381,1149,1124,64,114,9595581
2016/09/22 14:08:15,19437,13797,12571,16685,2381,1149,1124,64,114,9595581
2016/09/22 15:00:40,19052,13340,13203,16648,2381,1149,1125,64,114,9597903
2016/09/22 15:21:04,18572,12763,13224,16460,2381,1149,1125,64,114,9599203
2016/09/22 16:00:20,17687,11738,13263,16278,2381,1149,1125,64,114,9601803
2016/09/22 17:11:10,17690,11771,13294,16286,2381,1149,1125,64,114,9602103
2016/09/22 18:01:56,17674,11822,13224,16303,2381,1149,1125,64,114,9602103
2016/09/22 19:20:00,18214,12409,13824,16349,2381,1149,1125,64,114,9602243
2016/09/22 20:33:56,18239,12484,13804,16374,2381,1149,1125,64,114,9602243
2016/09/22 21:00:16,18860,13320,14618,16553,2381,1149,1125,64,114,9602383
2016/09/22 23:19:49,18629,13458,14061,16599,2381,1149,1125,64,114,9602383
2016/09/23 12:35:22,19519,14155,14547,17507,2382,1149,1125,64,114,9603181
2016/09/23 13:03:50,20359,14947,15799,17032,2384,1152,1121,63,114,9609568
2016/09/23 14:03:32,19722,13872,16378,17137,2384,1156,1124,63,114,9618491
2016/09/23 16:08:44,18910,13118,16398,17058,2384,1156,1125,63,114,9620061
2016/09/23 17:00:54,19608,13711,16954,17126,2384,1158,1125,63,114,9620251
2016/09/23 20:55:48,19760,13945,17032,17204,2384,1158,1125,63,114,9620251
2016/09/23 21:17:05,20467,14706,17822,17231,2384,1158,1125,63,114,9620491
2016/09/23 22:01:55,20534,14596,18189,17311,2384,1161,1125,63,114,9622662
2016/09/24 09:51:46,21094,14535,19233,18348,2386,1162,1127,66,114,9627228
2016/09/24 10:22:06,21140,14595,19261,18388,2386,1164,1127,66,114,9627228
2016/09/24 10:35:50,21397,14776,19642,17953,2388,1166,1122,64,114,9627268
2016/09/24 11:00:29,21557,14894,20016,18151,2389,1169,1126,64,114,9627924
2016/09/24 12:26:23,21843,15206,20300,18279,2389,1169,1127,64,114,9628961
2016/09/24 13:41:16,21872,16035,20633,18324,2389,1169,1127,64,114,9629101
2016/09/24 14:36:55,22424,16530,20652,18343,2389,1169,1127,64,114,9629191
2016/09/24 15:51:58,22656,16805,20723,18388,2389,1169,1127,64,114,9629231
2016/09/24 16:01:31,22560,17175,20993,18391,2389,1169,1127,64,114,9629281
2016/09/24 18:36:37,23072,17685,21097,18488,2389,1169,1128,64,114,9629863
2016/09/24 20:06:45,23688,18910,21753,18688,2389,1169,1128,64,114,9629998
2016/09/24 21:06:05,23690,19008,21715,18728,2389,1169,1128,64,114,9630710
2016/09/25 13:15:09,25364,21496,23747,19824,2390,1171,1129,64,114,9632055
2016/09/25 14:02:25,25545,20845,23166,19639,2392,1173,1122,62,114,9632055
2016/09/25 15:04:22,25896,21118,23218,19645,2392,1173,1122,62,114,9632500
2016/09/25 16:05:03,25704,21771,24040,19875,2393,1176,1127,62,114,9633632
2016/09/25 18:02:57,25837,22061,23965,19935,2393,1176,1127,62,114,9633672
2016/09/25 18:12:02,26068,22701,24256,19938,2393,1176,1127,62,114,9633767
2016/09/25 19:41:39,26176,22905,24300,19987,2393,1176,1127,62,114,9634095
2016/09/25 21:03:15,26110,22885,24384,20015,2393,1176,1127,62,114,9634703
2016/09/25 22:01:30,26527,24268,25326,20304,2393,1176,1128,62,114,9636645
2016/09/26 09:55:06,27016,24308,26280,21210,2394,1176,1129,62,114,9637925
2016/09/26 10:07:02,27207,24359,26050,21274,2395,1179,1129,62,114,9637965
2016/09/26 11:01:42,27923,24650,26434,20972,2398,1183,1128,60,114,9644967
2016/09/26 11:40:16,27795,24469,26572,20990,2398,1183,1131,60,114,9657534
2016/09/26 12:01:08,28107,24219,26581,20827,2398,1185,1131,61,114,9661150
2016/09/26 13:00:14,27526,23506,26447,20082,2398,1185,1131,61,114,9665015
2016/09/26 14:15:50,27386,24164,26802,19927,2398,1185,1131,61,114,9667805
2016/09/26 15:00:52,27568,24221,26847,19927,2398,1185,1131,61,114,9668280
2016/09/26 16:09:25,27522,24237,26818,19995,2398,1185,1132,61,114,9668480
2016/09/26 17:12:11,27742,25161,27361,20186,2398,1185,1132,61,114,9668570
2016/09/26 18:19:04,28049,25501,27283,20208,2398,1185,1132,61,114,9668615
2016/09/26 19:31:49,28178,26134,27623,20252,2398,1185,1132,61,114,9668705
2016/09/26 20:03:18,28512,26441,27622,20263,2398,1185,1132,61,114,9668750
2016/09/26 21:30:52,28721,26723,27657,20312,2398,1185,1132,61,114,9668790
2016/09/26 22:01:38,28995,27299,28217,20347,2398,1185,1135,64,114,9677605
2016/09/27 09:20:26,29623,27523,28892,21190,2399,1186,1136,64,114,9681456
2016/09/27 10:03:00,29568,27670,28755,21225,2399,1187,1137,64,114,9685321
2016/09/27 11:04:20,29711,28205,29299,21415,2399,1188,1139,64,114,9695701
2016/09/27 12:26:14,29819,28432,29468,21572,2401,1190,1141,64,114,9696976
2016/09/27 13:28:46,30745,29600,29875,21913,2401,1190,1144,64,114,9697106
2016/09/27 14:02:32,30931,29581,30109,22324,2401,1190,1146,65,114,9700880
2016/09/27 16:11:16,31116,29829,30248,22737,2401,1193,1147,65,114,9701220
2016/09/27 17:01:05,31860,31128,30858,22924,2401,1193,1147,65,114,9701400
2016/09/27 18:03:15,31754,31015,30878,22925,2401,1193,1147,65,114,9701920
2016/09/27 19:13:49,31746,31015,30862,22948,2401,1193,1147,65,114,9701920
2016/09/27 20:44:00,32012,31688,31221,23078,2402,1193,1149,65,114,9702055
2016/09/27 21:00:24,32320,31348,30759,23123,2404,1195,1145,64,114,9702095
2016/09/27 22:20:03,32532,31253,30585,22934,2404,1195,1145,64,114,9708933
2016/09/28 08:27:50,32608,31429,30663,23635,2404,1195,1145,64,114,9712256
2016/09/28 09:05:20,32657,31529,30667,23747,2404,1195,1146,64,114,9712376
2016/09/28 10:20:12,32743,30655,30303,23727,2407,1197,1142,63,114,9712677
2016/09/28 11:00:17,33327,31654,30596,23761,2407,1197,1142,63,114,9712857
2016/09/28 12:02:34,33317,31456,30453,23811,2407,1199,1143,63,114,9714593
2016/09/28 13:00:53,33322,31415,30688,23881,2407,1200,1144,63,114,9716605
2016/09/28 14:04:49,33971,32494,31645,24122,2408,1201,1149,63,114,9719181
2016/09/28 15:04:59,33650,31167,31602,23717,2409,1202,1152,63,114,9736258
2016/09/28 21:40:09,34398,33191,31859,23724,2409,1202,1152,63,114,9736668
2016/09/28 21:41:15,35082,33829,31879,23744,2409,1202,1152,63,114,9736798
2016/09/28 22:03:23,35226,33753,32079,23752,2409,1202,1152,63,114,9743318
2016/09/29 10:55:42,35209,32150,31946,23851,2410,1203,1156,63,114,9766863
2016/09/29 11:14:00,35719,32588,31936,23857,2410,1203,1156,63,114,9766953
2016/09/29 11:34:08,35756,32259,31610,23484,2412,1206,1150,60,114,9767003
2016/09/29 12:02:35,35832,32342,31732,23593,2412,1209,1152,60,114,9771103
2016/09/29 13:00:20,35580,31195,32042,23163,2413,1210,1155,60,114,9791950
2016/09/29 14:00:53,35666,30815,31997,22738,2413,1210,1155,60,114,9799239
2016/09/29 15:38:15,35092,30652,32221,22820,2413,1210,1156,60,114,9799717
2016/09/29 16:45:50,35447,31126,31992,22863,2413,1210,1156,60,114,9799802
2016/09/29 18:42:05,35312,31705,32355,22902,2413,1210,1156,60,114,9799902
2016/09/29 19:02:18,35694,32179,32171,22928,2413,1210,1156,60,114,9799987
2016/09/29 20:15:29,35707,33058,32833,23103,2413,1210,1156,60,114,9800087
2016/09/29 21:10:14,35832,33258,32770,23141,2413,1210,1156,60,114,9800127
2016/09/30 09:41:14,35756,33299,32568,23964,2414,1210,1157,60,114,9805079
2016/09/30 10:00:55,36118,32830,32053,23851,2416,1215,1153,58,114,9805119
2016/09/30 11:12:35,36275,32809,32755,24325,2417,1219,1157,58,114,9807731
2016/09/30 12:14:52,36652,33862,33182,24366,2417,1219,1157,58,114,9807916
2016/09/30 13:00:43,37023,33644,34451,24481,2417,1222,1158,58,114,9812156
2016/09/30 14:00:19,37360,34622,34862,24521,2417,1222,1158,58,114,9812341
2016/09/30 16:09:47,37010,34303,34656,24584,2417,1222,1159,58,114,9812981
2016/09/30 17:00:30,37547,35412,35286,24771,2417,1222,1159,58,114,9813116
2016/09/30 18:13:45,37245,35204,35279,24795,2417,1222,1159,58,114,9814220
2016/09/30 20:00:21,37786,35842,35027,24851,2417,1222,1159,58,114,9814350
2016/09/30 23:38:00,37799,36621,35368,24943,2417,1222,1159,58,114,9814490
2016/10/01 15:19:52,38645,37460,36054,26055,2419,1224,1161,58,114,9816483
2016/10/01 16:02:25,39001,38195,36265,26064,2419,1224,1161,58,114,9816893
2016/10/01 17:02:40,38954,37402,35542,25911,2421,1227,1155,56,114,9817021
2016/10/01 18:32:24,38729,36889,35518,25526,2421,1228,1157,56,114,9822551
2016/10/01 20:06:41,38768,37450,35756,25578,2421,1228,1157,56,114,9822641
2016/10/01 21:03:40,39679,37803,37022,27067,2421,1228,1161,58,114,9829843
2016/10/01 22:03:03,37192,36763,35543,27387,2421,1225,1163,60,114,9834578
2016/10/01 23:00:28,35927,35748,34507,26826,2421,1222,1163,60,114,9842543
2016/10/03 12:54:01,32571,33004,30481,28008,2426,1230,1164,63,114,9860812
2016/10/03 13:01:18,33912,32929,30910,28383,2427,1231,1165,63,114,9861002
2016/10/03 15:13:36,33868,32432,30230,28037,2428,1233,1158,60,114,9861002
2016/10/03 16:00:28,34679,32411,30491,28073,2428,1233,1159,60,114,9861393
2016/10/03 17:41:08,34094,31661,30601,28021,2428,1236,1161,60,114,9868493
2016/10/03 18:20:18,34384,31935,30546,28034,2428,1236,1161,60,114,9868538
2016/10/05 20:42:09,34087,32135,29688,29062,2428,1236,1161,60,114,9868578
2016/10/05 21:01:26,35594,32827,30053,29088,2428,1236,1161,60,114,9868808
2016/10/05 22:08:20,34525,32599,28551,29110,2428,1236,1161,60,114,9868928
2016/10/07 17:53:37,38363,35860,30301,31410,2439,1254,1165,57,114,9898081
2016/10/07 18:14:44,38363,35860,30301,31410,2439,1254,1165,57,114,9898081
2016/10/08 11:37:12,38390,36044,30440,31906,2440,1255,1169,57,114,9906441
2016/10/08 13:33:32,39089,36712,30462,31956,2440,1257,1169,57,114,9906571
2016/10/08 14:10:28,39181,37541,30908,32026,2441,1257,1170,57,114,9906711
2016/10/08 15:00:31,39042,37273,30815,31866,2441,1257,1171,57,114,9909478
2016/10/08 22:24:45,39494,38230,31153,31996,2441,1258,1173,57,114,9912563
2016/10/09 10:34:40,41014,38788,31865,33251,2444,1263,1176,60,114,9921009
2016/10/09 11:03:20,41148,38947,31885,33271,2444,1263,1176,60,114,9921049
2016/10/09 12:50:18,40403,38684,31667,32856,2444,1265,1178,60,114,9926728
2016/10/09 13:07:07,40534,38689,31687,32646,2444,1265,1178,60,114,9930028
2016/10/09 13:33:17,40496,38497,31687,32491,2444,1265,1178,60,114,9933136
2016/10/09 14:03:39,41096,38588,32237,32386,2445,1266,1181,60,114,9942980
2016/10/09 15:02:25,40380,38217,32972,32136,2446,1267,1184,60,114,9945942
2016/10/09 16:08:28,41374,37790,32895,32026,2450,1269,1188,61,114,9951701
2016/10/09 17:30:44,40824,37608,32127,31846,2450,1267,1188,61,114,9954331
2016/10/09 18:36:19,40623,38315,32628,31536,2450,1267,1188,61,114,9954651
2016/10/09 19:23:27,40971,38753,32318,31536,2450,1267,1188,61,114,9954741
2016/10/09 20:16:32,40832,38709,32159,31076,2450,1267,1188,61,114,9955825
2016/10/10 11:16:32,41288,39570,31928,31543,2450,1268,1188,61,114,9956280
2016/10/10 13:29:37,41084,39152,32078,31643,2451,1268,1189,61,114,9956597
2016/10/10 14:03:06,41428,39437,32125,31718,2451,1272,1192,61,114,9960066
2016/10/10 15:37:46,41628,39904,32630,32078,2452,1275,1193,61,114,9961256
2016/10/10 16:22:53,41770,40104,32601,32098,2452,1275,1193,61,114,9961296
2016/10/10 17:16:53,41985,40739,32867,32098,2452,1275,1193,61,114,9961451
2016/10/10 19:18:08,42154,40939,32887,32118,2452,1275,1193,61,114,9961521
2016/10/10 20:17:21,42567,41730,33723,32473,2452,1275,1195,61,114,9963403
2016/10/11 10:10:57,43225,41581,32360,33133,2454,1279,1193,62,114,9966331
2016/10/12 11:46:02,46003,43878,33167,34246,2457,1287,1194,59,114,9980649
2016/10/12 12:01:37,46403,44478,33767,34646,2457,1287,1198,59,114,9980649
2016/10/12 13:01:13,47270,44168,33425,34886,2460,1288,1199,60,114,9980881
2016/10/12 14:26:20,47572,44720,33548,35221,2460,1289,1200,61,114,9981411
2016/10/12 17:47:22,47618,45453,33782,35206,2461,1292,1203,61,114,9982383
2016/10/12 18:36:24,47593,45453,33734,35206,2461,1292,1203,61,114,9982383
2016/10/12 19:24:22,48382,46313,34229,35376,2461,1292,1203,61,114,9984465
2016/10/12 20:22:15,48583,46984,35389,35651,2461,1293,1210,64,114,9990007
2016/10/13 21:33:26,48896,47617,36637,36550,2468,1301,1217,65,115,10005283
2016/10/13 22:05:35,49574,48430,36915,36670,2468,1302,1218,65,115,10005897
2016/10/13 22:09:47,49574,48430,36915,36670,2468,1302,1218,65,115,10006237
2016/10/13 22:14:32,49476,48476,36785,36705,2468,1301,1219,65,115,10006577
2016/10/14 11:50:04,50275,47634,37802,37990,2469,1303,1225,65,115,10014861
2016/10/14 12:00:04,50587,47908,37785,37990,2469,1303,1225,65,115,10014906
2016/10/14 14:11:59,50687,48519,38090,38060,2470,1303,1226,65,115,10014996
2016/10/14 15:08:09,50514,48107,38057,37590,2471,1304,1223,65,115,10015233
2016/10/14 16:06:16,50552,48042,39151,37490,2472,1308,1223,62,115,10023545
2016/10/14 18:39:06,50766,48477,39369,38550,2472,1309,1227,64,115,10029979
2016/10/14 19:33:57,50972,49286,40038,38720,2472,1309,1227,64,115,10030297
2016/10/14 20:17:01,51260,49508,40044,38720,2472,1309,1227,64,115,10030450
2016/10/14 21:02:10,51190,49412,39911,38705,2473,1309,1227,64,115,10032794
2016/10/15 17:42:59,52141,51711,40175,38352,2477,1316,1224,61,115,10042180
2016/10/15 18:24:24,52452,52546,40318,38372,2477,1316,1224,61,115,10042315
2016/10/15 18:25:16,52452,52546,40318,38372,2477,1316,1224,61,115,10042315
2016/10/15 19:07:51,52048,52015,40518,38517,2477,1317,1226,61,115,10043434
2016/10/15 20:02:16,52048,52015,40518,38517,2477,1317,1226,61,115,10043434
2016/10/15 22:08:42,52635,53409,41413,38767,2477,1317,1227,61,115,10044019
2016/10/16 12:04:10,52542,53306,41235,38790,2480,1308,1221,58,115,10047584
2016/10/16 16:08:23,53329,53746,41251,38885,2480,1307,1223,58,115,10047959
2016/10/16 17:05:52,53962,53884,41649,39045,2481,1305,1228,58,115,10054252
2016/10/16 18:07:49,50306,53405,37789,36155,2481,1297,1229,58,115,10055480
2016/10/16 18:25:05,48907,52936,35733,36145,2481,1293,1229,58,115,10058554
2016/10/16 19:03:32,48298,52716,35182,34412,2481,1285,1229,58,115,10066031
2016/10/16 20:10:56,48181,52639,34905,34352,2481,1277,1229,58,115,10069640
2016/10/16 21:17:32,47358,52057,34684,34192,2481,1271,1229,58,115,10080142
2016/10/18 10:12:50,43658,48885,32522,31918,2486,1260,1232,56,115,10115262
2016/10/18 11:10:30,43891,49151,32905,31368,2488,1263,1228,54,115,10115302
2016/10/18 12:09:21,44710,49495,33075,31637,2488,1266,1232,56,115,10115827
2016/10/18 17:21:21,45022,48892,33566,30827,2488,1267,1237,56,115,10126695
2016/10/18 18:08:20,45465,49622,34007,31177,2488,1269,1240,56,115,10126735
2016/10/18 19:30:15,46410,49896,34478,31777,2489,1269,1243,57,115,10126785
2016/10/18 20:00:18,46881,50370,34467,31797,2489,1269,1243,57,115,10126870
2016/10/18 20:21:00,46529,50049,34867,31427,2489,1269,1246,60,115,10132170
2016/10/18 21:02:30,45774,49330,34867,31154,2489,1269,1246,60,115,10138145
2016/10/19 14:01:36,47971,50190,35696,31611,2492,1273,1244,59,115,10141999
2016/10/19 15:11:48,48037,50279,35609,31736,2493,1275,1246,59,115,10143679
2016/10/19 16:01:41,49568,50198,36472,31956,2493,1277,1255,62,115,10149524
2016/10/19 17:27:59,48662,49343,36472,31388,2493,1277,1255,62,115,10156006
2016/10/19 17:59:32,48582,49586,37092,31268,2494,1277,1257,62,115,10156871
2016/10/19 18:02:14,48582,49586,37092,31268,2494,1277,1257,62,115,10156871
2016/10/19 19:21:47,48847,49430,37243,31243,2494,1277,1257,62,115,10158196
2016/10/19 20:46:15,48997,49630,37171,31263,2494,1277,1257,62,115,10158236
2016/10/19 21:03:03,49462,50068,37134,31263,2494,1277,1257,62,115,10159601
2016/10/20 10:29:48,50065,49738,37311,31663,2497,1280,1257,62,115,10160196
2016/10/20 11:30:49,50012,49348,36666,31673,2497,1281,1249,58,115,10160196
2016/10/20 12:01:15,50941,50189,37036,31843,2499,1282,1253,58,115,10163637
2016/10/20 13:50:58,51464,50138,37608,32223,2499,1287,1254,58,115,10164047
2016/10/20 14:50:47,52033,50776,37412,32243,2499,1287,1254,58,115,10164177
2016/10/20 15:09:17,52033,50776,37412,32243,2499,1287,1254,58,115,10164377
2016/10/20 16:02:45,50575,48990,38027,31738,2500,1287,1257,58,115,10167822
2016/10/20 17:17:20,49206,48041,38002,30833,2500,1287,1257,58,115,10173642
2016/10/20 18:02:28,49019,47809,38053,30583,2500,1287,1257,58,115,10174150
2016/10/20 20:00:56,50256,48363,38758,30753,2500,1287,1257,58,115,10179456
2016/10/21 17:53:36,50717,48526,37645,31086,2501,1287,1257,58,115,10180057
2016/10/21 18:04:14,51146,48999,37996,31718,2502,1290,1259,58,115,10180322
2016/10/21 19:42:42,51290,47977,38021,31598,2504,1293,1249,51,115,10180502
2016/10/21 20:03:08,50835,47812,38041,31428,2504,1293,1250,51,115,10181492
2016/10/22 12:24:57,49027,46306,36529,31363,2505,1292,1254,51,115,10186810
2016/10/22 13:00:42,48735,45632,36200,30500,2507,1295,1245,46,115,10191250
2016/10/22 13:14:02,48741,45606,36350,30550,2507,1296,1246,46,115,10191526
2016/10/22 14:07:30,48899,45978,36685,30310,2507,1297,1249,46,115,10193547
2016/10/22 15:04:31,49194,45733,36935,30305,2507,1297,1249,46,115,10193867
2016/10/22 16:03:44,49210,45782,36909,30355,2507,1297,1250,46,115,10194003
2016/10/22 17:02:18,49699,46220,36859,30355,2507,1297,1250,46,115,10194093
2016/10/22 17:15:05,50335,46144,37190,30355,2512,1302,1255,46,115,10194193
2016/10/22 18:42:09,50248,46101,37197,30235,2512,1302,1255,46,115,10194875
2016/10/22 19:09:36,50763,46569,37173,30265,2512,1304,1255,46,115,10194965
2016/10/22 20:03:39,51329,47049,37312,30395,2513,1303,1257,46,115,10197629
2016/10/23 10:56:30,52496,47122,37383,30457,2514,1304,1258,46,115,10205166
2016/10/23 11:09:26,52665,47322,37403,30477,2514,1304,1258,46,115,10205206
2016/10/23 12:25:44,53235,47824,37747,29907,2516,1307,1254,44,115,10205296
2016/10/23 16:30:07,53996,47948,38010,29927,2516,1307,1254,44,115,10205436
2016/10/23 17:04:44,54593,47961,38172,29962,2516,1309,1255,44,115,10206053
2016/10/23 18:00:13,54321,47520,38400,29997,2517,1312,1258,44,115,10209723
2016/10/23 19:03:10,54822,47488,38820,29867,2517,1312,1261,44,115,10210749
2016/10/24 11:32:01,56648,48248,39859,30073,2520,1316,1258,43,115,10212305
2016/10/24 12:00:56,56724,48243,39929,30038,2520,1317,1260,43,115,10213083
2016/10/24 13:01:43,57661,48456,40327,30088,2520,1318,1261,43,115,10213178
2016/10/24 14:18:30,57777,48656,40245,30108,2520,1318,1261,43,115,10213218
2016/10/24 18:04:09,57780,48686,40224,30138,2520,1320,1261,43,115,10213218
2016/10/24 19:00:11,58295,48594,40436,30228,2521,1320,1263,43,115,10214045
2016/10/24 19:14:10,58521,48716,40636,30328,2521,1320,1264,43,115,10214421
2016/10/24 20:06:10,58469,48013,40652,29858,2521,1320,1264,43,115,10230457
2016/10/25 09:57:25,59899,48579,40366,30925,2522,1323,1267,44,115,10237069
2016/10/25 11:15:18,59860,48579,40293,30925,2522,1323,1267,44,115,10237069
2016/10/25 14:03:58,60824,49177,40377,30965,2522,1323,1267,44,115,10237244
2016/10/25 15:00:41,60195,48437,40679,30245,2522,1329,1262,43,115,10240605
2016/10/25 16:02:20,60366,48310,41099,29805,2522,1330,1264,43,115,10246685
2016/10/25 20:18:02,60868,48189,41304,29680,2522,1330,1264,43,115,10248452
2016/10/26 10:44:53,63173,49750,42146,30932,2523,1331,1268,43,115,10249519
2016/10/26 11:12:11,63499,50150,42285,31152,2523,1331,1270,44,115,10249559
2016/10/26 12:15:12,64113,50681,43077,30742,2525,1334,1268,46,115,10253399
2016/10/26 14:46:30,65115,50785,43371,31212,2525,1337,1271,47,115,10254749
2016/10/26 15:01:20,65224,50864,43361,31287,2525,1339,1272,47,115,10255294
2016/10/26 15:54:23,66463,50844,44308,31417,2526,1338,1277,47,115,10255806
2016/10/26 16:06:43,66546,50930,44472,31517,2526,1336,1278,47,115,10255881
2016/10/26 17:19:38,67226,51633,44754,31762,2526,1338,1278,51,115,10263600
2016/10/26 18:00:04,67412,51905,45074,31747,2526,1338,1278,51,115,10270260
2016/10/26 19:18:59,67679,51746,45378,31317,2528,1338,1280,51,115,10270922
2016/10/26 19:36:43,67848,51946,45398,31337,2528,1338,1280,51,115,10271466
2016/10/27 10:28:32,68692,51742,46026,32038,2530,1338,1283,51,115,10281086
2016/10/27 11:01:42,69005,51992,46377,31708,2532,1340,1282,51,115,10281126
2016/10/27 12:03:08,69257,52264,46624,31538,2532,1344,1280,50,115,10285027
2016/10/27 12:47:12,70128,52411,47183,31908,2533,1346,1281,50,115,10287023
2016/10/27 13:32:22,70120,52411,47164,31908,2533,1346,1281,50,115,10287023
2016/10/27 14:26:11,70280,52611,47166,31928,2533,1346,1281,50,115,10287063
2016/10/27 17:30:33,70600,52885,47166,31928,2533,1346,1281,50,115,10287108
2016/10/27 18:01:38,71355,53083,47561,32088,2533,1346,1283,50,115,10291404
2016/10/27 19:01:23,71211,52848,47654,32088,2533,1346,1283,50,115,10293296
2016/10/27 20:14:11,72521,53267,48719,32963,2533,1348,1287,50,115,10301863
2016/10/27 21:14:44,72823,52895,49073,32808,2533,1348,1287,50,115,10305023
2016/10/28 09:51:07,73382,52581,49267,34668,2535,1350,1292,53,115,10311449
2016/10/28 10:53:23,73409,52611,49290,34698,2535,1352,1292,53,115,10311449
2016/10/28 11:06:00,73692,52885,49218,34698,2535,1352,1292,53,115,10311494
2016/10/28 13:23:39,74249,53009,49437,34718,2535,1352,1292,53,115,10311584
2016/10/28 14:01:16,74872,53560,49870,34333,2540,1356,1290,51,115,10312691
2016/10/28 15:03:55,75066,53383,50281,34353,2540,1357,1294,51,115,10315962
2016/10/28 16:05:39,77287,55585,53155,34828,2540,1366,1295,51,115,10323912
2016/10/28 17:01:43,78222,56477,53420,34998,2540,1366,1295,51,115,10325290
2016/10/28 18:45:36,78856,56246,53650,34998,2540,1366,1295,51,115,10328668
2016/10/28 21:12:15,79672,56642,53645,35218,2541,1367,1295,51,115,10329905
2016/10/29 11:19:20,82986,56442,54648,35896,2542,1370,1295,51,115,10332082
2016/10/29 12:01:11,83142,56642,54643,35916,2542,1370,1295,51,115,10332122
2016/10/29 13:55:43,83082,56522,54623,35656,2542,1370,1293,51,115,10332122
2016/10/29 14:00:25,84422,57099,55484,35378,2545,1372,1290,49,115,10332307
2016/10/29 15:00:19,84424,57119,55499,35378,2545,1373,1290,49,115,10332403
2016/10/29 16:09:10,84490,57089,55761,35653,2545,1375,1294,49,115,10335662
2016/10/29 17:00:02,85595,56497,57108,35353,2545,1378,1295,52,115,10341685
2016/10/29 18:39:34,84682,55652,56897,35028,2545,1378,1295,52,115,10344317
2016/10/29 20:27:03,85146,56126,56868,35048,2545,1378,1295,52,115,10344402
2016/10/29 21:04:12,85690,56245,57085,35068,2545,1378,1295,52,115,10344492
2016/10/30 11:41:28,86181,56339,57012,35764,2546,1378,1296,52,115,10345244
2016/10/30 12:01:48,87697,56969,57797,35506,2548,1381,1296,52,115,10345899
2016/10/30 13:01:53,87673,56552,57878,35666,2548,1384,1298,52,115,10352891
2016/10/30 14:35:06,87579,56608,57845,35231,2548,1386,1294,51,115,10352931
2016/10/30 15:18:22,88350,56728,58145,35281,2549,1386,1295,51,115,10353306
2016/10/30 16:00:56,88160,56311,58297,35206,2549,1387,1297,51,115,10357046
2016/10/30 17:09:55,88168,56260,58467,35196,2549,1387,1298,51,115,10357766
2016/10/30 19:09:59,89236,56622,58638,35196,2549,1387,1298,51,115,10357956
2016/10/30 20:54:24,89834,57396,58880,35366,2549,1387,1298,51,115,10358041
2016/10/30 21:16:15,90341,57443,59096,35366,2549,1387,1298,51,115,10358811
2016/10/31 11:24:35,91080,57252,59188,36009,2550,1387,1299,51,115,10359662
2016/10/31 12:00:52,91906,57401,58882,35729,2552,1390,1293,50,115,10359792
2016/10/31 14:09:59,92882,57581,59268,35799,2552,1391,1295,50,115,10360252
2016/10/31 15:34:06,93087,57628,59128,35894,2553,1393,1297,50,115,10360984
2016/10/31 16:06:56,93681,57543,59558,35959,2553,1394,1298,50,115,10364290
2016/10/31 17:08:27,93840,57217,59941,35650,2553,1394,1299,50,115,10374706
2016/10/31 18:28:48,93793,57027,59941,35545,2553,1394,1299,50,115,10378118
2016/10/31 19:00:16,94874,58193,60176,36100,2553,1394,1301,50,115,10378348
2016/10/31 20:00:52,95263,58236,60278,36339,2553,1396,1303,52,115,10380898
2016/11/01 13:31:43,97392,57926,59669,37262,2556,1401,1304,52,115,10395931
2016/11/01 13:56:14,97384,57652,59506,37287,2557,1401,1307,52,115,10399116
2016/11/01 14:01:39,97384,57652,59506,37287,2557,1401,1307,52,115,10401641
2016/11/01 14:47:22,97272,57481,59437,36987,2557,1401,1303,50,115,10402041
2016/11/01 14:54:15,97224,57418,59437,36977,2557,1401,1303,50,115,10402281
2016/11/01 15:25:05,97224,57418,59437,36977,2557,1401,1303,50,115,10404656
2016/11/01 16:07:04,97242,57094,60229,37272,2557,1402,1308,53,115,10415111
2016/11/01 17:06:10,95802,54961,59354,36747,2557,1399,1308,53,115,10424335
2016/11/01 18:45:05,91087,53376,52937,35577,2557,1384,1308,53,115,10431935
2016/11/01 19:11:49,91236,53576,52922,35597,2557,1384,1308,53,115,10431975
2016/11/01 20:38:27,92111,53877,53465,35887,2559,1381,1315,54,115,10436240
2016/11/02 11:28:17,88505,49748,45359,35120,2560,1369,1318,55,115,10443485
2016/11/02 12:05:39,88643,49068,44749,34920,2562,1372,1311,53,115,10443485
2016/11/02 13:26:41,89260,49706,44645,34940,2562,1372,1311,53,115,10443615
2016/11/02 17:01:30,90273,50468,44461,34980,2562,1372,1311,53,115,10443835
2016/11/02 18:03:38,89626,49998,43653,34705,2563,1374,1315,53,115,10445570
2016/11/02 19:04:47,89673,50039,44244,34855,2563,1375,1319,53,115,10449690
2016/11/02 20:00:12,89545,49906,44535,34580,2563,1375,1319,53,115,10450935
2016/11/03 12:10:39,90110,50400,42986,35411,2565,1375,1321,53,115,10451730
2016/11/03 13:34:01,91353,50962,43191,35431,2565,1375,1321,53,115,10451960
2016/11/03 14:02:55,91507,51162,43183,35451,2565,1375,1321,53,115,10452000
2016/11/03 15:01:15,91496,50019,42770,35411,2568,1378,1320,52,115,10453057
2016/11/03 15:20:22,91850,50143,42273,35431,2568,1376,1320,52,115,10453197
2016/11/03 16:00:13,91568,49966,42241,35636,2568,1379,1322,52,115,10454073
2016/11/03 17:04:24,88964,48485,39510,34528,2568,1371,1323,52,115,10463078
2016/11/03 18:01:18,85624,46616,37251,33634,2568,1365,1323,52,115,10468913
2016/11/03 19:19:47,84746,45374,37119,32467,2568,1363,1323,52,115,10474203
2016/11/03 20:01:01,85282,46368,37718,32479,2568,1363,1328,52,115,10475713
2016/11/07 13:22:01,78374,38382,37435,34955,2584,1382,1340,55,115,10548431
2016/11/07 13:29:53,79115,39073,37894,35005,2584,1384,1340,55,115,10548571
2016/11/07 13:33:15,79115,39073,37894,35005,2584,1384,1340,55,115,10548571
2016/11/07 13:36:50,79017,38971,37944,35055,2585,1384,1341,55,115,10548571
2016/11/07 13:44:27,79269,38263,37379,35105,2587,1386,1340,55,115,10548571
2016/11/07 14:01:14,78955,38199,37379,34855,2587,1387,1335,53,115,10549071
2016/11/07 15:01:53,77039,36566,37779,34315,2588,1391,1339,53,115,10556392
2016/11/07 15:52:11,77176,36213,38310,34850,2588,1391,1342,56,115,10567299
2016/11/07 15:55:03,77176,36213,38310,34850,2588,1391,1342,56,115,10567299
2016/11/07 16:01:19,77176,36213,38310,34850,2588,1391,1342,56,115,10568536
2016/11/07 16:54:10,77341,35715,39608,35055,2588,1393,1342,59,115,10579771
2016/11/07 16:57:55,77341,35715,39608,35055,2588,1393,1342,59,115,10579771
2016/11/07 17:03:09,77341,35715,39608,35055,2588,1393,1342,59,115,10579966
2016/11/07 17:30:53,77205,35673,39794,35189,2588,1393,1344,60,115,10582371
2016/11/07 18:30:00,77030,35673,39466,35189,2588,1393,1344,60,115,10582371
2016/11/07 19:08:12,77116,35873,39333,35209,2588,1393,1344,60,115,10582411
2016/11/07 19:24:41,77186,36558,39961,35359,2588,1393,1344,60,115,10582461
2016/11/07 20:45:16,77465,36365,40109,35299,2588,1393,1344,60,115,10582931
2016/11/08 10:57:33,78362,36365,40808,36654,2591,1394,1354,64,115,10601811
2016/11/08 11:00:35,78549,36595,40834,36704,2591,1396,1354,64,115,10601851
2016/11/08 12:12:56,79297,36070,40202,36984,2594,1401,1351,62,115,10604884
2016/11/08 13:19:26,79209,36849,40357,37004,2594,1401,1351,62,115,10605024
2016/11/08 16:15:40,79061,36774,40180,37004,2594,1401,1351,62,115,10605276
2016/11/08 17:33:13,79428,37543,40623,37124,2594,1401,1352,62,115,10605903
2016/11/08 17:35:22,79428,37543,40623,37124,2594,1401,1352,62,115,10605903
2016/11/08 18:03:49,78436,36720,40592,36773,2594,1400,1352,62,115,10612329
2016/11/08 19:34:06,78230,36395,40699,36773,2594,1400,1352,62,115,10616185
2016/11/09 14:03:26,78642,37705,42836,39316,2595,1400,1364,65,115,10639824
2016/11/09 14:54:41,78832,36532,41466,39436,2598,1405,1354,60,115,10641733
2016/11/09 15:00:13,78727,37413,41784,39636,2598,1405,1359,62,115,10641783
2016/11/09 16:01:28,78613,37639,42255,39384,2598,1405,1359,62,115,10642123
2016/11/09 17:31:07,79787,38174,42908,39519,2598,1407,1364,62,115,10643206
2016/11/09 18:20:15,80080,38674,43177,39689,2598,1407,1364,62,115,10643246
2016/11/10 16:18:49,80912,40769,43222,40637,2600,1408,1366,62,115,10647038
2016/11/10 17:04:31,80573,41052,43539,40612,2600,1408,1366,62,115,10647322
2016/11/10 18:00:39,80905,41037,43449,40717,2602,1409,1368,62,115,10647515
2016/11/10 19:46:52,80986,40551,42985,40507,2603,1411,1351,53,115,10647515
2016/11/10 20:03:08,81149,41278,43615,40517,2603,1411,1352,53,115,10650085
2016/11/10 21:00:51,81751,41711,43865,40657,2603,1413,1354,53,115,10651191
2016/11/11 13:04:00,82745,41930,45268,41883,2604,1420,1356,56,115,10660310
2016/11/11 14:10:33,82907,42180,45230,41953,2605,1420,1357,56,115,10660350
2016/11/11 14:27:33,83155,42267,45230,41918,2605,1420,1357,56,115,10661060
2016/11/11 15:00:23,83397,42200,44979,41788,2607,1423,1353,55,115,10663766
2016/11/11 16:00:42,82922,42157,45360,42003,2609,1424,1359,55,115,10669930
2016/11/11 16:23:18,82935,42037,45270,42023,2609,1424,1359,55,115,10670495
2016/11/11 16:41:15,83047,42071,45270,42023,2609,1424,1359,55,115,10671215
2016/11/11 17:00:11,82813,41801,45270,42023,2609,1424,1359,55,115,10671740
2016/11/11 19:03:51,82203,41732,45820,42193,2609,1424,1359,55,115,10674080
2016/11/12 10:17:02,81835,40876,46170,42951,2610,1424,1360,55,115,10679980
2016/11/12 11:00:02,82679,40793,45675,42861,2613,1428,1356,54,115,10681252
2016/11/12 12:01:01,82722,41206,46246,43186,2615,1433,1363,54,115,10683093
2016/11/12 13:00:56,83321,41341,46090,43416,2615,1433,1363,54,115,10686603
2016/11/12 14:04:41,84790,41791,47018,46336,2615,1433,1363,59,115,10689043
2016/11/12 14:51:00,84692,42370,47445,46336,2615,1433,1363,59,115,10689143
2016/11/13 10:35:20,85717,43717,48926,47430,2616,1436,1365,59,115,10706599
2016/11/13 11:05:02,86430,43464,48429,47383,2619,1440,1363,57,115,10715704
2016/11/13 12:04:27,86469,43589,49278,47868,2619,1443,1365,57,115,10731331
2016/11/13 12:46:41,86451,43386,49263,47891,2619,1443,1365,57,115,10740505
2016/11/13 13:50:25,86441,43386,49241,47891,2619,1443,1365,57,115,10740505
2016/11/13 14:00:48,87161,44062,49264,47914,2619,1443,1365,57,115,10740635
2016/11/13 15:06:40,86767,44143,49540,47909,2619,1443,1366,57,115,10741133
2016/11/13 16:00:28,86564,43632,49524,47932,2619,1443,1366,57,115,10759745
2016/11/13 17:30:11,86859,44291,50132,48105,2619,1443,1366,57,115,10769926
2016/11/13 18:41:08,86847,44291,50106,48105,2619,1443,1366,57,115,10769926
2016/11/13 19:13:30,87360,44803,50103,48128,2619,1443,1366,57,115,10770011
2016/11/13 20:03:11,86890,44464,50400,48128,2619,1443,1366,57,115,10788633
2016/11/13 21:32:10,87044,44621,50394,48151,2619,1443,1366,57,115,10788673
2016/11/13 22:27:40,87746,45297,50377,48174,2619,1443,1366,57,115,10788803
2016/11/13 23:05:03,87500,45335,50687,48174,2619,1443,1366,57,115,10800810
2016/11/14 10:08:51,87235,44873,50566,48174,2619,1443,1366,57,115,10810096
2016/11/14 11:21:31,87729,44713,51197,48985,2620,1445,1367,57,115,10810961
2016/11/14 13:18:03,87728,44713,51194,48985,2620,1445,1367,57,115,10810961
2016/11/14 14:25:33,88823,45057,51246,49043,2623,1450,1365,55,115,10815368
2016/11/14 15:01:14,88802,44902,51248,49046,2623,1450,1366,55,115,10818994
2016/11/14 15:50:52,88496,44342,51423,48966,2623,1450,1369,55,115,10835605
2016/11/14 16:05:08,88324,44262,51249,48966,2623,1450,1369,55,115,10838140
2016/11/14 16:25:48,88568,44317,51504,48639,2623,1452,1369,56,115,10839140
2016/11/14 17:05:55,87810,43449,51217,48194,2623,1448,1369,56,115,10855490
2016/11/14 17:18:09,87357,43080,50950,47919,2623,1445,1369,56,115,10855750
2016/11/14 17:19:09,87357,43080,50950,47919,2623,1445,1369,56,115,10855750
2016/11/14 17:20:19,87357,43080,50950,47919,2623,1445,1369,56,115,10855750
2016/11/14 17:35:21,87264,43047,50824,47914,2623,1445,1369,56,115,10855750
2016/11/14 18:17:37,87186,43047,50676,47914,2623,1445,1369,56,115,10855750
2016/11/14 19:00:10,87952,44384,51265,48087,2623,1445,1369,56,115,10855930
2016/11/14 19:02:11,87952,44384,51265,48087,2623,1445,1369,56,115,10855930
2016/11/14 20:29:06,87910,44242,51468,48342,2623,1445,1372,59,115,10867598
2016/11/14 21:17:54,88386,44754,51402,48365,2623,1445,1372,59,115,10867683
2016/11/14 22:00:18,88416,45400,51855,48388,2623,1445,1372,59,115,10871539
2016/11/15 17:10:53,89894,47676,52604,49288,2627,1447,1376,59,115,10877212
2016/11/15 19:01:53,90064,47863,52467,49331,2627,1447,1377,59,115,10877887
2016/11/15 20:03:17,91561,48742,52894,50454,2629,1451,1375,56,115,10881880
2016/11/15 21:09:03,91675,48491,53979,50704,2630,1452,1379,56,115,10892440
2016/11/15 21:42:53,91616,48286,54184,50727,2630,1452,1379,56,115,10896912
2016/11/15 22:04:22,92867,48929,54989,51427,2630,1452,1384,56,115,10900976
2016/11/16 08:41:22,91387,46634,55078,52535,2631,1453,1388,58,115,10917935
2016/11/16 08:57:43,91400,46664,55076,52565,2631,1455,1388,58,115,10917935
2016/11/16 09:19:23,91378,46684,55048,52565,2631,1456,1388,58,115,10917935
2016/11/16 10:16:48,91559,46922,55021,52588,2631,1456,1388,58,115,10917975
2016/11/16 18:08:14,93412,50150,55924,52880,2632,1456,1389,58,115,10918465
2016/11/16 19:00:08,94157,50463,56214,53093,2634,1460,1390,57,115,10922802
2016/11/16 19:54:48,94046,50076,56400,53193,2634,1460,1391,57,115,10935994
2016/11/16 20:03:35,94017,50018,56400,53193,2634,1460,1391,57,115,10939064
2016/11/16 21:08:09,94032,49874,56414,53216,2634,1460,1391,57,115,10951251
2016/11/16 22:14:55,94354,50533,56730,53239,2634,1460,1391,57,115,10954456
2016/11/16 23:00:51,93487,49571,56457,52646,2634,1460,1391,57,115,10956428
2016/11/17 10:34:03,93522,48890,56751,53395,2635,1460,1392,57,115,10969081
2016/11/17 11:02:36,93879,48458,56164,53278,2637,1465,1386,55,115,10972096
2016/11/17 12:20:27,94293,48921,57106,53848,2638,1469,1391,55,115,10987445
2016/11/17 13:02:41,94463,49159,57059,53871,2638,1469,1391,55,115,10987485
2016/11/17 14:20:39,94459,49159,57050,53871,2638,1469,1391,55,115,10987485
2016/11/17 18:08:58,95191,50813,57564,53947,2638,1469,1392,55,115,10988135
2016/11/17 19:26:33,95004,50481,57543,53947,2638,1469,1392,55,115,10997649
2016/11/17 20:03:48,95142,50597,57545,53970,2638,1469,1392,55,116,11000702
2016/11/17 21:11:09,95384,51124,57855,53993,2638,1469,1392,55,116,11004306
2016/11/17 22:12:30,95389,50841,58138,54023,2638,1469,1392,55,116,11019922
2016/11/17 22:41:29,95215,50637,58138,53943,2638,1469,1392,55,116,11020264
2016/11/17 23:09:09,95670,50740,58138,53788,2638,1469,1392,55,116,11026741
2016/11/18 09:11:57,94792,48769,57329,54243,2641,1474,1388,53,116,11030563
2016/11/18 09:38:49,95173,49173,57829,54623,2642,1476,1395,53,116,11033655
2016/11/18 23:56:12,95173,49173,57829,54623,2642,1476,1395,53,116,11033655
2016/11/19 00:02:44,95921,49346,58357,55371,2642,1477,1395,53,116,11034035
2016/11/19 09:37:23,96092,48893,58741,56174,2643,1480,1396,53,116,11035225
2016/11/19 10:12:15,96262,48943,59121,55824,2645,1482,1394,53,116,11035225
2016/11/19 11:19:41,96409,49181,59032,55847,2645,1482,1394,53,116,11035265
2016/11/19 12:09:24,97193,50002,60523,55952,2646,1488,1395,51,116,11036779
2016/11/19 13:12:00,97271,49876,60681,56075,2646,1488,1396,54,116,11051516
2016/11/19 14:43:05,97644,50082,60698,56098,2646,1488,1396,54,116,11058235
2016/11/19 15:01:03,97448,50333,60874,56098,2646,1488,1396,54,116,11058285
2016/11/19 16:04:34,97186,49972,60897,56161,2646,1488,1397,54,116,11070802
2016/11/19 17:02:42,97420,49880,61009,56232,2646,1488,1397,54,116,11089307
2016/11/19 18:06:33,97047,49684,61287,56232,2646,1488,1397,54,116,11098890
2016/11/19 19:24:23,97047,49684,61287,56232,2646,1488,1397,54,116,11099327
2016/11/19 20:02:57,97682,50216,61563,56405,2646,1488,1397,54,116,11106053
2016/11/19 20:08:03,97682,50216,61563,56405,2646,1488,1397,54,116,11106243
2016/11/19 21:27:56,97639,50695,62025,56428,2646,1488,1397,54,116,11115498
2016/11/19 22:19:31,98135,51133,61985,56428,2646,1488,1397,54,116,11115588
2016/11/20 09:23:34,98694,50997,62495,57271,2647,1489,1398,54,116,11125596
2016/11/20 12:36:17,99270,51918,63298,56854,2650,1495,1395,52,116,11128953
2016/11/20 14:54:26,99887,53173,63738,56877,2650,1495,1395,52,116,11129183
2016/11/20 15:11:32,100092,53411,63761,56900,2650,1495,1395,52,116,11129223
2016/11/20 16:03:48,100614,54232,64896,57520,2651,1498,1398,52,116,11133411
