艦船ID,艦名,アイテムID,アイテム名,装備ID,装備名,入手日時,海域,海域,セル,難易度,ボス,敵編成,ランク,司令部Lv
-1,(なし),-1,(なし),-1,(なし),2016/09/15 22:46:55,2,5,1,なし,-,1207311141,S,114
16,潮,-1,(なし),-1,(なし),2016/09/15 22:48:25,2,5,5,なし,-,3981919712,A,114
21,長良,-1,(なし),-1,(なし),2016/09/15 22:52:00,2,5,1,なし,-,3390266320,S,114
56,那珂,-1,(なし),-1,(なし),2016/09/15 22:53:34,2,5,5,なし,-,2647797269,A,114
-1,(なし),-1,(なし),-1,(なし),2016/09/16 21:04:59,2,5,1,なし,-,3390266320,A,114
-1,(なし),-1,(なし),-1,(なし),2016/09/16 21:06:24,2,5,5,なし,-,2647797269,S,114
-1,(なし),-1,(なし),-1,(なし),2016/09/16 21:09:13,2,5,12,なし,ボス,1464885807,D,114
-1,(なし),-1,(なし),-1,(なし),2016/09/16 21:15:09,5,1,3,なし,-,137064375,A,114
-1,(なし),-1,(なし),-1,(なし),2016/09/16 21:19:15,5,4,1,なし,-,2648041737,S,114
55,神通,-1,(なし),-1,(なし),2016/09/16 21:21:32,5,4,12,なし,-,3955414941,S,114
76,龍驤,-1,(なし),-1,(なし),2016/09/16 21:24:04,5,4,19,なし,ボス,1191204224,A,114
36,雷,-1,(なし),-1,(なし),2016/09/16 21:43:22,2,2,1,なし,-,3331787166,S,114
74,祥鳳,-1,(なし),-1,(なし),2016/09/16 21:45:00,2,2,7,なし,ボス,1297630147,A,114
46,五月雨,-1,(なし),-1,(なし),2016/09/16 21:46:36,2,2,1,なし,-,3331787166,S,114
68,摩耶,-1,(なし),-1,(なし),2016/09/16 21:48:41,2,2,1,なし,-,1142649758,S,114
-1,(なし),-1,(なし),-1,(なし),2016/09/16 21:51:16,2,2,4,なし,-,1891947322,A,114
-1,(なし),-1,(なし),-1,(なし),2016/09/16 21:53:39,2,4,1,なし,-,216560690,S,114
74,祥鳳,-1,(なし),-1,(なし),2016/09/16 21:54:50,2,4,3,なし,-,4187071583,S,114
63,那智,-1,(なし),-1,(なし),2016/09/16 21:56:31,2,4,13,なし,-,3834442709,S,114
78,金剛,-1,(なし),-1,(なし),2016/09/16 21:57:46,2,4,17,なし,ボス,668709314,S,114
-1,(なし),-1,(なし),-1,(なし),2016/09/16 22:00:17,2,4,1,なし,-,3330031737,S,114
-1,(なし),-1,(なし),-1,(なし),2016/09/16 22:01:28,2,4,8,なし,-,3017515740,S,114
24,大井,-1,(なし),-1,(なし),2016/09/16 22:02:29,2,4,14,なし,-,568591492,S,114
-1,(なし),-1,(なし),-1,(なし),2016/09/16 22:03:50,2,4,15,なし,-,678546113,S,114
72,筑摩,-1,(なし),-1,(なし),2016/09/16 22:07:50,2,4,1,なし,-,216560690,S,114
-1,(なし),-1,(なし),-1,(なし),2016/09/16 22:09:07,2,4,5,なし,-,1859901466,S,114
70,最上,-1,(なし),-1,(なし),2016/09/16 22:10:33,2,4,1,なし,-,3330031737,S,114
66,高雄,-1,(なし),-1,(なし),2016/09/16 22:11:52,2,4,8,なし,-,3017515740,S,114
48,霰,-1,(なし),-1,(なし),2016/09/16 22:13:18,2,4,14,なし,-,568591492,S,114
-1,(なし),-1,(なし),-1,(なし),2016/09/16 22:14:50,2,4,15,なし,-,282034402,S,114
92,隼鷹,-1,(なし),-1,(なし),2016/09/16 22:16:45,2,4,1,なし,-,3330031737,S,114
-1,(なし),-1,(なし),-1,(なし),2016/09/16 22:18:26,2,4,5,なし,-,4267767268,S,114
-1,(なし),-1,(なし),-1,(なし),2016/09/16 22:19:35,2,4,1,なし,-,3330031737,S,114
22,五十鈴,-1,(なし),-1,(なし),2016/09/16 22:20:58,2,4,8,なし,-,3017515740,S,114
-1,(なし),-1,(なし),-1,(なし),2016/09/16 22:22:13,2,4,14,なし,-,1432940769,S,114
27,山城,-1,(なし),-1,(なし),2016/09/16 22:23:39,2,4,15,なし,-,2553013027,S,114
65,羽黒,-1,(なし),-1,(なし),2016/09/16 22:27:56,2,4,1,なし,-,216560690,S,114
101,木曾,-1,(なし),-1,(なし),2016/09/16 22:29:34,2,4,8,なし,-,2971288258,S,114
25,北上,-1,(なし),-1,(なし),2016/09/16 22:30:46,2,4,14,なし,-,1432940769,S,114
17,陽炎,-1,(なし),-1,(なし),2016/09/16 22:32:20,2,4,15,なし,-,678546113,S,114
-1,(なし),-1,(なし),-1,(なし),2016/09/17 22:15:20,2,5,1,なし,-,3390266320,A,114
10,白雪,-1,(なし),-1,(なし),2016/09/17 22:18:44,2,5,1,なし,-,1207311141,A,114
-1,(なし),-1,(なし),-1,(なし),2016/09/17 22:20:38,2,5,5,なし,-,3981919712,S,114
134,巻雲,-1,(なし),-1,(なし),2016/09/17 22:23:59,2,5,12,なし,ボス,1464885807,S,114
33,叢雲,-1,(なし),-1,(なし),2016/09/17 22:34:27,2,2,1,なし,-,3331787166,A,114
19,黒潮,-1,(なし),-1,(なし),2016/09/17 22:37:38,2,2,4,なし,-,2754143600,A,114
-1,(なし),-1,(なし),-1,(なし),2016/09/17 22:41:19,2,2,4,なし,-,1891947322,C,114
67,愛宕,-1,(なし),-1,(なし),2016/09/17 22:49:37,2,4,1,なし,-,350318307,S,114
-1,(なし),-1,(なし),-1,(なし),2016/09/17 22:51:00,2,4,8,なし,-,2971288258,S,114
17,陽炎,-1,(なし),-1,(なし),2016/09/17 22:52:37,2,4,14,なし,-,1432940769,S,114
74,祥鳳,-1,(なし),-1,(なし),2016/09/17 22:55:26,2,4,15,なし,-,282034402,S,114
55,神通,-1,(なし),-1,(なし),2016/09/17 23:00:17,2,4,1,なし,-,216560690,S,114
-1,(なし),-1,(なし),-1,(なし),2016/09/17 23:02:34,2,4,8,なし,-,2971288258,S,114
14,敷波,-1,(なし),-1,(なし),2016/09/17 23:03:46,2,4,14,なし,-,568591492,S,114
81,陸奥,-1,(なし),-1,(なし),2016/09/17 23:05:23,2,4,18,なし,ボス,3543821283,S,114
13,綾波,-1,(なし),-1,(なし),2016/09/17 23:10:12,2,4,1,なし,-,216560690,S,114
17,陽炎,-1,(なし),-1,(なし),2016/09/17 23:12:47,2,4,5,なし,-,1859901466,S,114
14,敷波,-1,(なし),-1,(なし),2016/09/17 23:13:47,2,4,6,なし,-,1793076225,S,114
-1,(なし),-1,(なし),-1,(なし),2016/09/17 23:15:48,2,4,1,なし,-,350318307,S,114
95,朝潮,-1,(なし),-1,(なし),2016/09/17 23:17:34,2,4,3,なし,-,4252657786,S,114
24,大井,-1,(なし),-1,(なし),2016/09/17 23:19:53,2,4,13,なし,-,1087327781,S,114
78,金剛,-1,(なし),-1,(なし),2016/09/17 23:22:02,2,4,17,なし,ボス,581830535,S,114
100,多摩,-1,(なし),-1,(なし),2016/09/18 10:08:03,2,5,2,なし,-,2291308637,S,114
-1,(なし),-1,(なし),-1,(なし),2016/09/18 10:10:13,2,5,6,なし,-,3236036956,A,114
64,足柄,-1,(なし),-1,(なし),2016/09/18 10:13:27,2,2,1,なし,-,1142649758,S,114
-1,(なし),-1,(なし),-1,(なし),2016/09/18 10:16:23,2,2,4,なし,-,1891947322,A,114
64,足柄,-1,(なし),-1,(なし),2016/09/18 10:19:05,2,2,7,なし,ボス,1297630147,B,114
-1,(なし),-1,(なし),-1,(なし),2016/09/18 10:20:54,2,2,1,なし,-,3331787166,B,114
-1,(なし),-1,(なし),-1,(なし),2016/09/18 10:23:00,2,2,4,なし,-,1891947322,B,114
-1,(なし),-1,(なし),-1,(なし),2016/09/18 10:28:45,2,5,2,なし,-,2291308637,S,114
60,加古,-1,(なし),-1,(なし),2016/09/18 10:31:40,2,5,6,なし,-,3236036956,S,114
54,川内,-1,(なし),-1,(なし),2016/09/18 10:34:02,2,5,2,なし,-,2291308637,S,114
65,羽黒,-1,(なし),-1,(なし),2016/09/18 10:35:50,2,5,6,なし,-,3236036956,S,114
-1,(なし),-1,(なし),-1,(なし),2016/09/18 10:40:18,2,5,2,なし,-,2291308637,S,114
-1,(なし),-1,(なし),-1,(なし),2016/09/18 10:42:27,2,5,2,なし,-,2291308637,S,114
-1,(なし),-1,(なし),-1,(なし),2016/09/18 10:44:20,2,5,6,なし,-,3236036956,A,114
133,夕雲,-1,(なし),-1,(なし),2016/09/18 10:45:57,2,5,12,なし,ボス,1464885807,S,114
1,睦月,-1,(なし),-1,(なし),2016/09/18 10:56:08,2,5,2,なし,-,2291308637,S,114
-1,(なし),-1,(なし),-1,(なし),2016/09/18 10:58:00,2,5,6,なし,-,4028930753,S,114
165,卯月,-1,(なし),-1,(なし),2016/09/18 11:00:26,2,5,12,なし,ボス,1320198054,S,114
-1,(なし),-1,(なし),-1,(なし),2016/09/18 13:12:52,2,4,1,なし,-,216560690,S,114
-1,(なし),-1,(なし),-1,(なし),2016/09/18 13:14:17,2,4,5,なし,-,1859901466,S,114
-1,(なし),-1,(なし),-1,(なし),2016/09/18 13:17:43,2,4,1,なし,-,350318307,S,114
25,北上,-1,(なし),-1,(なし),2016/09/18 13:34:17,2,4,3,なし,-,285547134,S,114
19,黒潮,-1,(なし),-1,(なし),2016/09/18 13:36:05,2,4,13,なし,-,1087327781,S,114
79,榛名,-1,(なし),-1,(なし),2016/09/18 13:38:24,2,4,17,なし,ボス,240563751,A,114
52,龍田,-1,(なし),-1,(なし),2016/09/18 13:42:41,2,4,1,なし,-,3330031737,S,114
22,五十鈴,-1,(なし),-1,(なし),2016/09/18 13:44:50,2,4,8,なし,-,2971288258,S,114
65,羽黒,-1,(なし),-1,(なし),2016/09/18 13:47:06,2,4,10,なし,-,3411792196,S,114
17,陽炎,-1,(なし),-1,(なし),2016/09/18 13:48:43,2,4,1,なし,-,3330031737,S,114
75,飛鷹,-1,(なし),-1,(なし),2016/09/18 13:50:23,2,4,5,なし,-,1833910272,S,114
13,綾波,-1,(なし),-1,(なし),2016/09/18 13:56:49,2,4,1,なし,-,350318307,S,114
-1,(なし),-1,(なし),-1,(なし),2016/09/18 13:58:43,2,4,5,なし,-,1859901466,S,114
77,伊勢,-1,(なし),-1,(なし),2016/09/18 14:04:11,2,4,1,なし,-,3330031737,S,114
101,木曾,-1,(なし),-1,(なし),2016/09/18 14:05:35,2,4,8,なし,-,2971288258,S,114
-1,(なし),-1,(なし),-1,(なし),2016/09/18 14:07:43,2,4,10,なし,-,3463676847,S,114
-1,(なし),-1,(なし),-1,(なし),2016/09/18 14:08:59,2,4,1,なし,-,216560690,S,114
68,摩耶,-1,(なし),-1,(なし),2016/09/18 14:10:10,2,4,8,なし,-,3017515740,S,114
98,荒潮,-1,(なし),-1,(なし),2016/09/18 14:12:27,2,4,10,なし,-,3411792196,S,114
63,那智,-1,(なし),-1,(なし),2016/09/18 20:17:13,2,4,1,なし,-,3330031737,S,114
75,飛鷹,-1,(なし),-1,(なし),2016/09/18 20:18:37,2,4,8,なし,-,2994571100,S,114
95,朝潮,-1,(なし),-1,(なし),2016/09/18 20:19:54,2,4,14,なし,-,568591492,S,114
51,天龍,-1,(なし),-1,(なし),2016/09/18 20:21:23,2,4,15,なし,-,2553013027,S,114
96,大潮,-1,(なし),-1,(なし),2016/09/18 20:22:46,2,4,1,なし,-,216560690,S,114
102,千歳,-1,(なし),-1,(なし),2016/09/18 20:24:03,2,4,8,なし,-,2994571100,S,114
14,敷波,-1,(なし),-1,(なし),2016/09/18 20:25:11,2,4,14,なし,-,1432940769,S,114
486,浦波,-1,(なし),-1,(なし),2016/09/18 20:26:56,2,4,18,なし,ボス,2241339571,S,114
-1,(なし),-1,(なし),-1,(なし),2016/09/18 20:33:57,5,1,2,なし,-,264665362,D,114
-1,(なし),-1,(なし),-1,(なし),2016/09/18 20:37:16,5,1,3,なし,-,137064375,S,114
59,古鷹,-1,(なし),-1,(なし),2016/09/18 20:39:17,5,1,3,なし,-,3239158213,S,114
15,曙,-1,(なし),-1,(なし),2016/09/19 10:18:00,1,6,3,なし,-,1948916611,S,114
-1,(なし),-1,(なし),-1,(なし),2016/09/19 10:19:54,1,6,12,なし,-,3972259198,D,114
-1,(なし),-1,(なし),-1,(なし),2016/09/19 10:21:50,1,6,13,なし,-,2229502230,A,114
48,霰,-1,(なし),-1,(なし),2016/09/19 10:26:52,1,6,3,なし,-,3372990476,A,114
-1,(なし),-1,(なし),-1,(なし),2016/09/19 10:28:43,1,6,12,なし,-,3339578854,D,114
-1,(なし),-1,(なし),-1,(なし),2016/09/19 10:29:43,1,6,13,なし,-,4256180523,S,114
59,古鷹,-1,(なし),-1,(なし),2016/09/19 10:34:29,2,2,4,なし,-,2754143600,S,114
-1,(なし),-1,(なし),-1,(なし),2016/09/19 10:36:54,2,2,1,なし,-,3331787166,A,114
39,子日,-1,(なし),-1,(なし),2016/09/19 10:39:06,2,2,4,なし,-,1891947322,S,114
9,吹雪,-1,(なし),-1,(なし),2016/09/19 10:45:27,5,4,1,なし,-,2648041737,S,114
17,陽炎,-1,(なし),-1,(なし),2016/09/19 10:47:14,5,4,12,なし,-,3955414941,S,114
81,陸奥,-1,(なし),-1,(なし),2016/09/19 10:49:34,5,4,19,なし,ボス,3725303008,S,114
76,龍驤,-1,(なし),-1,(なし),2016/09/19 10:52:19,5,4,1,なし,-,1980937117,S,114
61,青葉,-1,(なし),-1,(なし),2016/09/19 10:54:02,5,4,12,なし,-,1563483660,S,114
115,夕張,-1,(なし),-1,(なし),2016/09/19 10:55:54,5,4,19,なし,ボス,3725303008,S,114
-1,(なし),-1,(なし),-1,(なし),2016/09/19 11:00:55,5,4,1,なし,-,1107067874,S,114
66,高雄,-1,(なし),-1,(なし),2016/09/19 11:04:02,5,4,12,なし,-,3955414941,S,114
76,龍驤,-1,(なし),-1,(なし),2016/09/19 11:06:43,5,4,19,なし,ボス,3725303008,A,114
-1,(なし),-1,(なし),-1,(なし),2016/09/19 12:36:13,5,4,1,なし,-,1107067874,S,114
-1,(なし),-1,(なし),-1,(なし),2016/09/19 12:38:36,5,4,12,なし,-,3955414941,A,114
76,龍驤,-1,(なし),-1,(なし),2016/09/19 12:40:22,5,4,19,なし,ボス,1191204224,S,114
33,叢雲,-1,(なし),-1,(なし),2016/09/19 12:45:04,5,1,3,なし,-,137064375,S,114
42,白露,-1,(なし),-1,(なし),2016/09/19 12:56:30,5,1,3,なし,-,3694736678,S,114
55,神通,-1,(なし),-1,(なし),2016/09/19 12:59:11,5,1,3,なし,-,3239158213,S,114
-1,(なし),-1,(なし),-1,(なし),2016/09/19 13:15:34,3,3,1,なし,-,648071495,S,114
95,朝潮,-1,(なし),-1,(なし),2016/09/19 13:16:43,3,3,3,なし,-,3626220543,S,114
83,赤城,-1,(なし),-1,(なし),2016/09/19 13:19:03,3,3,11,なし,ボス,1163366728,S,114
-1,(なし),-1,(なし),-1,(なし),2016/09/19 13:24:16,3,3,1,なし,-,3166583471,A,114
71,利根,-1,(なし),-1,(なし),2016/09/19 13:27:07,3,3,1,なし,-,3166583471,S,114
64,足柄,-1,(なし),-1,(なし),2016/09/19 13:28:52,3,3,3,なし,-,1269883655,S,114
53,名取,-1,(なし),-1,(なし),2016/09/19 13:30:14,3,3,7,なし,-,3202745036,S,114
63,那智,-1,(なし),-1,(なし),2016/09/19 13:48:12,3,3,1,なし,-,3166583471,S,114
18,不知火,-1,(なし),-1,(なし),2016/09/19 13:49:49,3,3,12,なし,-,1673178799,S,114
64,足柄,-1,(なし),-1,(なし),2016/09/19 13:52:45,3,4,2,なし,-,3426123951,A,114
98,荒潮,-1,(なし),-1,(なし),2016/09/19 13:54:07,3,4,16,なし,-,489924138,B,114
76,龍驤,-1,(なし),-1,(なし),2016/09/19 13:58:01,3,4,1,なし,-,3579947975,A,114
-1,(なし),-1,(なし),-1,(なし),2016/09/19 13:59:39,3,4,5,なし,-,1444585580,B,114
-1,(なし),-1,(なし),-1,(なし),2016/09/19 14:00:55,3,4,10,なし,-,1283694885,B,114
63,那智,-1,(なし),-1,(なし),2016/09/19 14:03:36,3,4,1,なし,-,449643617,S,114
-1,(なし),-1,(なし),-1,(なし),2016/09/19 14:05:05,3,4,4,なし,-,3313751963,B,114
-1,(なし),-1,(なし),-1,(なし),2016/09/19 14:06:24,3,4,12,なし,-,3743327802,B,114
11,深雪,-1,(なし),-1,(なし),2016/09/19 14:08:26,3,4,17,なし,-,3069680455,B,114
-1,(なし),-1,(なし),-1,(なし),2016/09/19 14:10:09,3,4,18,なし,-,3535450018,A,114
65,羽黒,-1,(なし),-1,(なし),2016/09/19 14:11:16,3,4,15,なし,ボス,610144849,B,114
-1,(なし),-1,(なし),-1,(なし),2016/09/19 14:13:41,3,4,17,なし,-,2659536598,C,114
-1,(なし),-1,(なし),-1,(なし),2016/09/19 14:16:07,3,4,17,なし,-,3681999379,B,114
-1,(なし),-1,(なし),-1,(なし),2016/09/19 14:18:24,3,4,17,なし,-,3681999379,B,114
65,羽黒,-1,(なし),-1,(なし),2016/09/19 14:23:20,3,4,17,なし,-,3069680455,A,114
-1,(なし),-1,(なし),-1,(なし),2016/09/19 14:52:22,3,4,2,なし,-,135542796,B,114
65,羽黒,-1,(なし),-1,(なし),2016/09/19 14:53:28,3,4,6,なし,-,4046983224,S,114
-1,(なし),-1,(なし),-1,(なし),2016/09/19 14:54:55,3,4,18,なし,-,887598788,B,114
63,那智,-1,(なし),-1,(なし),2016/09/19 14:57:22,3,4,2,なし,-,135542796,A,114
49,霞,-1,(なし),-1,(なし),2016/09/19 14:58:52,3,4,6,なし,-,3431789267,A,114
56,那珂,-1,(なし),-1,(なし),2016/09/19 15:00:10,3,4,11,なし,-,1250335501,B,114
71,利根,-1,(なし),-1,(なし),2016/09/19 15:02:27,3,4,1,なし,-,2171382390,A,114
22,五十鈴,-1,(なし),-1,(なし),2016/09/19 15:03:50,3,4,4,なし,-,3537221124,B,114
-1,(なし),-1,(なし),-1,(なし),2016/09/19 15:05:26,3,4,19,なし,-,1906610005,C,114
-1,(なし),-1,(なし),-1,(なし),2016/09/19 15:19:54,3,4,2,なし,-,135542796,A,114
55,神通,-1,(なし),-1,(なし),2016/09/19 15:22:01,3,4,6,なし,-,3431789267,B,114
-1,(なし),-1,(なし),-1,(なし),2016/09/19 15:25:14,3,4,1,なし,-,449643617,B,114
-1,(なし),-1,(なし),-1,(なし),2016/09/19 15:26:25,3,4,5,なし,-,2027970469,B,114
-1,(なし),-1,(なし),-1,(なし),2016/09/19 15:27:36,3,4,10,なし,-,699328535,C,114
-1,(なし),-1,(なし),-1,(なし),2016/09/19 15:28:40,3,4,13,なし,-,1931117918,B,114
103,千代田,-1,(なし),-1,(なし),2016/09/19 15:30:52,3,4,2,なし,-,135542796,A,114
96,大潮,-1,(なし),-1,(なし),2016/09/19 15:31:59,3,4,6,なし,-,1799268831,A,114
-1,(なし),-1,(なし),-1,(なし),2016/09/19 15:33:13,3,4,11,なし,-,1250335501,B,114
-1,(なし),-1,(なし),-1,(なし),2016/09/19 15:36:01,3,4,17,なし,-,2659536598,C,114
97,満潮,-1,(なし),-1,(なし),2016/09/19 15:37:22,3,4,11,なし,-,3456442444,B,114
72,筑摩,-1,(なし),-1,(なし),2016/09/19 15:39:49,3,4,2,なし,-,1881067484,S,114
-1,(なし),-1,(なし),-1,(なし),2016/09/19 15:40:50,3,4,6,なし,-,1799268831,A,114
55,神通,-1,(なし),-1,(なし),2016/09/19 15:42:12,3,4,11,なし,-,3456442444,B,114
-1,(なし),-1,(なし),-1,(なし),2016/09/19 15:44:40,3,4,1,なし,-,2171382390,A,114
-1,(なし),-1,(なし),-1,(なし),2016/09/19 19:58:54,5,1,3,なし,-,137064375,S,114
-1,(なし),-1,(なし),-1,(なし),2016/09/19 20:06:23,5,1,2,なし,-,1440483839,D,114
17,陽炎,-1,(なし),-1,(なし),2016/09/19 20:08:57,3,3,1,なし,-,2797475756,S,114
26,扶桑,-1,(なし),-1,(なし),2016/09/19 20:10:18,3,3,3,なし,-,1269883655,S,114
70,最上,-1,(なし),-1,(なし),2016/09/19 20:12:12,3,3,11,なし,ボス,2568909990,S,114
76,龍驤,-1,(なし),-1,(なし),2016/09/19 20:21:15,3,3,1,なし,-,2797475756,S,114
26,扶桑,-1,(なし),-1,(なし),2016/09/19 20:23:09,3,3,3,なし,-,547884230,S,114
87,日向,-1,(なし),-1,(なし),2016/09/19 20:25:13,3,3,11,なし,ボス,2568909990,S,114
-1,(なし),-1,(なし),-1,(なし),2016/09/19 20:28:01,3,3,1,なし,-,3166583471,S,114
-1,(なし),-1,(なし),-1,(なし),2016/09/19 20:29:20,3,3,3,なし,-,3626220543,S,114
-1,(なし),-1,(なし),-1,(なし),2016/09/19 20:30:58,3,3,7,なし,-,4290792538,S,114
49,霞,-1,(なし),-1,(なし),2016/09/19 20:34:57,3,3,1,なし,-,648071495,S,114
102,千歳,-1,(なし),-1,(なし),2016/09/19 20:36:11,3,3,3,なし,-,547884230,S,114
90,蒼龍,-1,(なし),-1,(なし),2016/09/19 20:37:47,3,3,11,なし,ボス,2425041660,S,114
54,川内,-1,(なし),-1,(なし),2016/09/19 20:43:03,5,4,1,なし,-,1107067874,S,114
-1,(なし),-1,(なし),-1,(なし),2016/09/19 20:44:59,5,4,12,なし,-,3955414941,S,114
165,卯月,-1,(なし),-1,(なし),2016/09/19 20:46:49,5,4,19,なし,ボス,1191204224,S,114
85,霧島,-1,(なし),-1,(なし),2016/09/19 20:50:27,5,4,1,なし,-,2648041737,S,114
-1,(なし),-1,(なし),-1,(なし),2016/09/19 20:52:22,5,4,12,なし,-,3583205236,S,114
92,隼鷹,-1,(なし),-1,(なし),2016/09/19 20:54:29,5,4,19,なし,ボス,1009257708,S,114
55,神通,-1,(なし),-1,(なし),2016/09/19 20:56:15,5,4,1,なし,-,1980937117,S,114
-1,(なし),-1,(なし),-1,(なし),2016/09/19 20:58:00,5,4,12,なし,-,1563483660,A,114
85,霧島,-1,(なし),-1,(なし),2016/09/19 21:00:02,5,4,19,なし,ボス,1191204224,S,114
102,千歳,-1,(なし),-1,(なし),2016/09/19 21:03:15,5,4,1,なし,-,1107067874,S,114
-2,(満員),-1,(なし),-1,(なし),2016/09/19 21:05:10,5,4,12,なし,-,3955414941,S,114
59,古鷹,-1,(なし),-1,(なし),2016/09/19 21:10:04,5,4,1,なし,-,1107067874,S,114
-1,(なし),-1,(なし),-1,(なし),2016/09/19 21:12:17,5,4,12,なし,-,1563483660,A,114
1,睦月,-1,(なし),-1,(なし),2016/09/19 21:14:36,5,4,19,なし,ボス,1009257708,B,114
1,睦月,-1,(なし),-1,(なし),2016/09/19 21:16:45,5,4,1,なし,-,1980937117,S,114
-1,(なし),-1,(なし),-1,(なし),2016/09/19 21:18:50,5,4,12,なし,-,3583205236,S,114
92,隼鷹,-1,(なし),-1,(なし),2016/09/19 21:20:31,5,4,19,なし,ボス,1009257708,S,114
-1,(なし),-1,(なし),-1,(なし),2016/09/21 14:39:05,5,3,2,なし,-,3308055498,D,114
-1,(なし),-1,(なし),-1,(なし),2016/09/21 14:40:01,5,3,2,なし,-,1876201865,D,114
-1,(なし),-1,(なし),-1,(なし),2016/09/21 14:41:08,5,3,2,なし,-,3867866788,D,114
-1,(なし),-1,(なし),-1,(なし),2016/09/21 14:42:47,5,3,2,なし,-,1876201865,D,114
-1,(なし),-1,(なし),-1,(なし),2016/09/21 14:44:09,5,3,2,なし,-,3867866788,D,114
-1,(なし),-1,(なし),-1,(なし),2016/09/21 14:45:34,5,3,2,なし,-,3867866788,D,114
-1,(なし),-1,(なし),-1,(なし),2016/09/21 14:46:42,5,3,2,なし,-,3867866788,D,114
-1,(なし),-1,(なし),-1,(なし),2016/09/21 14:47:47,5,3,2,なし,-,3308055498,D,114
-1,(なし),-1,(なし),-1,(なし),2016/09/21 14:49:19,5,3,2,なし,-,1876201865,D,114
-1,(なし),-1,(なし),-1,(なし),2016/09/21 14:53:39,5,3,3,なし,-,2740474351,D,114
-1,(なし),-1,(なし),-1,(なし),2016/09/21 14:55:29,5,3,2,なし,-,3867866788,D,114
-1,(なし),-1,(なし),-1,(なし),2016/09/21 14:57:18,5,3,2,なし,-,3308055498,D,114
-1,(なし),-1,(なし),-1,(なし),2016/09/21 14:58:24,5,3,2,なし,-,3308055498,D,114
-1,(なし),-1,(なし),-1,(なし),2016/09/21 14:59:23,5,3,2,なし,-,1876201865,D,114
-1,(なし),-1,(なし),-1,(なし),2016/09/21 15:03:39,5,3,3,なし,-,4050202463,D,114
-1,(なし),-1,(なし),-1,(なし),2016/09/21 15:05:09,5,3,2,なし,-,3867866788,D,114
-1,(なし),-1,(なし),-1,(なし),2016/09/21 15:06:07,5,3,2,なし,-,3308055498,D,114
-1,(なし),-1,(なし),-1,(なし),2016/09/21 15:07:18,5,3,2,なし,-,3308055498,D,114
-1,(なし),-1,(なし),-1,(なし),2016/09/21 15:08:18,5,3,2,なし,-,1876201865,D,114
-1,(なし),-1,(なし),-1,(なし),2016/09/21 15:09:13,5,3,2,なし,-,1876201865,D,114
-1,(なし),-1,(なし),-1,(なし),2016/09/21 15:10:17,5,3,2,なし,-,1876201865,D,114
-1,(なし),-1,(なし),-1,(なし),2016/09/21 15:11:26,5,3,2,なし,-,1876201865,D,114
-1,(なし),-1,(なし),-1,(なし),2016/09/21 15:12:19,5,3,2,なし,-,3308055498,D,114
-1,(なし),-1,(なし),-1,(なし),2016/09/21 15:13:13,5,3,2,なし,-,3308055498,D,114
-1,(なし),-1,(なし),-1,(なし),2016/09/21 15:14:38,5,3,2,なし,-,1876201865,D,114
-1,(なし),-1,(なし),-1,(なし),2016/09/21 15:15:49,5,3,3,なし,-,4050202463,D,114
-1,(なし),-1,(なし),-1,(なし),2016/09/21 15:17:44,5,3,2,なし,-,3867866788,D,114
-1,(なし),-1,(なし),-1,(なし),2016/09/21 15:18:37,5,3,2,なし,-,3308055498,D,114
-1,(なし),-1,(なし),-1,(なし),2016/09/21 15:19:30,5,3,2,なし,-,1876201865,D,114
-1,(なし),-1,(なし),-1,(なし),2016/09/21 15:20:50,5,3,3,なし,-,2740474351,D,114
-1,(なし),-1,(なし),-1,(なし),2016/09/21 15:22:13,5,3,2,なし,-,3867866788,D,114
-1,(なし),-1,(なし),-1,(なし),2016/09/21 15:24:02,5,3,2,なし,-,3308055498,D,114
-1,(なし),-1,(なし),-1,(なし),2016/09/21 15:25:02,5,3,2,なし,-,3867866788,D,114
-1,(なし),-1,(なし),-1,(なし),2016/09/21 15:25:56,5,3,2,なし,-,3308055498,D,114
-1,(なし),-1,(なし),-1,(なし),2016/09/21 15:27:20,5,3,2,なし,-,1876201865,D,114
-1,(なし),-1,(なし),-1,(なし),2016/09/21 15:29:17,5,3,2,なし,-,3867866788,D,114
-1,(なし),-1,(なし),-1,(なし),2016/09/21 15:30:40,5,3,2,なし,-,3867866788,D,114
-1,(なし),-1,(なし),-1,(なし),2016/09/21 15:32:45,5,3,3,なし,-,4050202463,D,114
-1,(なし),-1,(なし),-1,(なし),2016/09/21 15:34:41,5,3,2,なし,-,3308055498,D,114
-1,(なし),-1,(なし),-1,(なし),2016/09/21 15:36:00,5,3,3,なし,-,461662934,D,114
-1,(なし),-1,(なし),-1,(なし),2016/09/21 15:37:10,5,3,2,なし,-,3867866788,D,114
-1,(なし),-1,(なし),-1,(なし),2016/09/21 15:38:30,5,3,2,なし,-,3867866788,D,114
-1,(なし),-1,(なし),-1,(なし),2016/09/21 15:39:40,5,3,3,なし,-,4050202463,D,114
-1,(なし),-1,(なし),-1,(なし),2016/09/21 15:43:08,4,2,1,なし,-,3529144938,B,114
75,飛鷹,-1,(なし),-1,(なし),2016/09/21 15:44:31,4,2,7,なし,-,515073024,A,114
86,比叡,-1,(なし),-1,(なし),2016/09/21 15:45:58,4,2,13,なし,ボス,861357545,A,114
-1,(なし),-1,(なし),-1,(なし),2016/09/21 15:47:25,4,2,1,なし,-,3529144938,B,114
-1,(なし),-1,(なし),-1,(なし),2016/09/21 15:48:52,4,2,11,なし,-,1038761248,A,114
-1,(なし),-1,(なし),-1,(なし),2016/09/21 15:50:48,4,2,8,なし,-,2390221519,A,114
-1,(なし),-1,(なし),-1,(なし),2016/09/21 15:52:44,5,3,2,なし,-,3308055498,D,114
61,青葉,-1,(なし),-1,(なし),2016/09/21 15:54:14,4,2,2,なし,-,963701455,A,114
-1,(なし),-1,(なし),-1,(なし),2016/09/21 15:55:33,4,2,6,なし,-,3155796515,D,114
27,山城,-1,(なし),-1,(なし),2016/09/21 15:57:31,4,2,9,なし,ボス,1237894798,A,114
-1,(なし),-1,(なし),-1,(なし),2016/09/21 15:59:21,4,2,1,なし,-,3414836491,D,114
23,由良,-1,(なし),-1,(なし),2016/09/21 16:01:51,4,2,7,なし,-,843001092,A,114
78,金剛,-1,(なし),-1,(なし),2016/09/21 16:03:04,4,2,13,なし,ボス,3217229487,A,114
-1,(なし),-1,(なし),-1,(なし),2016/09/21 16:09:18,4,2,1,なし,-,2535984804,B,114
-1,(なし),-1,(なし),-1,(なし),2016/09/21 16:16:55,4,2,11,なし,-,1038761248,A,114
65,羽黒,-1,(なし),-1,(なし),2016/09/21 16:19:31,4,2,13,なし,ボス,3940082763,B,114
-1,(なし),-1,(なし),-1,(なし),2016/09/21 16:26:04,4,2,1,なし,-,2535984804,B,114
102,千歳,-1,(なし),-1,(なし),2016/09/21 16:30:24,4,2,11,なし,-,848668496,A,114
23,由良,-1,(なし),-1,(なし),2016/09/21 16:45:16,4,2,8,なし,-,2390221519,A,114
-1,(なし),-1,(なし),-1,(なし),2016/09/21 16:51:06,5,3,2,なし,-,3308055498,D,114
-1,(なし),-1,(なし),-1,(なし),2016/09/21 16:53:47,5,3,2,なし,-,1876201865,D,114
-1,(なし),-1,(なし),-1,(なし),2016/09/21 16:56:37,5,3,2,なし,-,1876201865,D,114
-1,(なし),-1,(なし),-1,(なし),2016/09/21 16:59:25,5,3,2,なし,-,3867866788,D,114
-1,(なし),-1,(なし),-1,(なし),2016/09/21 17:02:38,5,3,3,なし,-,2740474351,D,114
-1,(なし),-1,(なし),-1,(なし),2016/09/21 17:07:21,5,3,2,なし,-,3308055498,D,114
-1,(なし),-1,(なし),-1,(なし),2016/09/21 17:23:31,5,3,2,なし,-,3867866788,D,114
-1,(なし),-1,(なし),-1,(なし),2016/09/21 17:26:55,5,3,2,なし,-,1876201865,D,114
-1,(なし),-1,(なし),-1,(なし),2016/09/21 17:30:41,5,3,3,なし,-,461662934,D,114
-1,(なし),-1,(なし),-1,(なし),2016/09/21 17:46:22,5,3,3,なし,-,2740474351,D,114
-1,(なし),-1,(なし),-1,(なし),2016/09/21 17:49:29,5,3,3,なし,-,2740474351,D,114
-1,(なし),-1,(なし),-1,(なし),2016/09/21 17:55:01,5,3,2,なし,-,3308055498,D,114
-1,(なし),-1,(なし),-1,(なし),2016/09/21 17:56:06,5,3,2,なし,-,3867866788,D,114
-1,(なし),-1,(なし),-1,(なし),2016/09/21 17:57:04,5,3,2,なし,-,3867866788,D,114
-1,(なし),-1,(なし),-1,(なし),2016/09/21 18:34:41,5,3,3,なし,-,4050202463,D,114
-1,(なし),-1,(なし),-1,(なし),2016/09/21 18:37:31,5,3,2,なし,-,3308055498,D,114
-1,(なし),-1,(なし),-1,(なし),2016/09/21 18:40:04,5,3,2,なし,-,3308055498,D,114
-1,(なし),-1,(なし),-1,(なし),2016/09/21 18:43:39,5,3,2,なし,-,3867866788,D,114
-1,(なし),-1,(なし),-1,(なし),2016/09/21 18:48:51,5,3,2,なし,-,1876201865,D,114
-1,(なし),-1,(なし),-1,(なし),2016/09/21 18:50:15,5,3,2,なし,-,3867866788,D,114
-1,(なし),-1,(なし),-1,(なし),2016/09/21 18:54:39,5,3,2,なし,-,3867866788,D,114
-1,(なし),-1,(なし),-1,(なし),2016/09/21 19:02:03,5,3,2,なし,-,3867866788,D,114
-1,(なし),-1,(なし),-1,(なし),2016/09/21 19:05:14,5,3,2,なし,-,3308055498,D,114
-1,(なし),-1,(なし),-1,(なし),2016/09/21 19:06:35,5,3,2,なし,-,1876201865,D,114
-1,(なし),-1,(なし),-1,(なし),2016/09/21 19:07:53,5,3,2,なし,-,1876201865,D,114
-1,(なし),-1,(なし),-1,(なし),2016/09/21 19:09:27,5,3,3,なし,-,2740474351,D,114
-1,(なし),-1,(なし),-1,(なし),2016/09/21 19:10:59,5,3,2,なし,-,1876201865,D,114
-1,(なし),-1,(なし),-1,(なし),2016/09/21 19:12:38,5,3,2,なし,-,1876201865,D,114
-1,(なし),-1,(なし),-1,(なし),2016/09/21 19:13:52,5,3,2,なし,-,3867866788,D,114
-1,(なし),-1,(なし),-1,(なし),2016/09/21 19:14:55,5,3,2,なし,-,1876201865,D,114
-1,(なし),-1,(なし),-1,(なし),2016/09/21 19:15:58,5,3,2,なし,-,3867866788,D,114
-1,(なし),-1,(なし),-1,(なし),2016/09/21 19:16:59,5,3,2,なし,-,1876201865,D,114
-1,(なし),-1,(なし),-1,(なし),2016/09/21 19:17:59,5,3,2,なし,-,1876201865,D,114
-1,(なし),-1,(なし),-1,(なし),2016/09/21 19:19:05,5,3,2,なし,-,3867866788,D,114
-1,(なし),-1,(なし),-1,(なし),2016/09/21 19:20:21,5,3,2,なし,-,1876201865,D,114
-1,(なし),-1,(なし),-1,(なし),2016/09/21 19:22:15,5,3,3,なし,-,4050202463,D,114
-1,(なし),-1,(なし),-1,(なし),2016/09/21 19:23:58,5,3,2,なし,-,3308055498,D,114
-1,(なし),-1,(なし),-1,(なし),2016/09/21 19:25:45,5,3,2,なし,-,1876201865,D,114
-1,(なし),-1,(なし),-1,(なし),2016/09/21 19:28:41,5,3,3,なし,-,2740474351,D,114
-1,(なし),-1,(なし),-1,(なし),2016/09/21 19:31:15,5,3,2,なし,-,3867866788,D,114
-1,(なし),-1,(なし),-1,(なし),2016/09/21 19:32:28,5,3,2,なし,-,3308055498,D,114
-1,(なし),-1,(なし),-1,(なし),2016/09/21 19:33:57,5,3,2,なし,-,3867866788,D,114
-1,(なし),-1,(なし),-1,(なし),2016/09/21 19:36:25,5,3,2,なし,-,3867866788,D,114
-1,(なし),-1,(なし),-1,(なし),2016/09/21 19:38:01,5,3,3,なし,-,461662934,D,114
-1,(なし),-1,(なし),-1,(なし),2016/09/21 19:40:10,5,3,3,なし,-,461662934,D,114
-1,(なし),-1,(なし),-1,(なし),2016/09/21 19:42:05,5,3,2,なし,-,3308055498,D,114
-1,(なし),-1,(なし),-1,(なし),2016/09/21 19:48:43,5,3,3,なし,-,461662934,D,114
-1,(なし),-1,(なし),-1,(なし),2016/09/21 19:57:26,5,1,2,なし,-,264665362,D,114
-1,(なし),-1,(なし),-1,(なし),2016/09/21 19:59:47,5,3,2,なし,-,3308055498,D,114
101,木曾,-1,(なし),-1,(なし),2016/09/21 20:06:43,5,1,3,なし,-,137064375,S,114
53,名取,-1,(なし),-1,(なし),2016/09/21 20:10:27,5,1,3,なし,-,3239158213,A,114
-1,(なし),-1,(なし),-1,(なし),2016/09/22 10:26:39,4,2,2,なし,-,963701455,A,114
52,龍田,-1,(なし),-1,(なし),2016/09/22 10:27:56,4,2,11,なし,-,848668496,A,114
77,伊勢,-1,(なし),-1,(なし),2016/09/22 10:29:13,4,2,13,なし,ボス,3217229487,A,114
-1,(なし),-1,(なし),-1,(なし),2016/09/22 10:32:26,4,2,1,なし,-,3414836491,D,114
-1,(なし),-1,(なし),-1,(なし),2016/09/22 10:33:34,4,2,7,なし,-,843001092,A,114
27,山城,-1,(なし),-1,(なし),2016/09/22 10:34:57,4,2,13,なし,ボス,861357545,A,114
63,那智,-1,(なし),-1,(なし),2016/09/22 10:37:17,2,2,7,なし,ボス,1297630147,A,114
-1,(なし),-1,(なし),-1,(なし),2016/09/22 10:38:39,2,2,1,なし,-,1142649758,A,114
60,加古,-1,(なし),-1,(なし),2016/09/22 10:40:02,2,2,4,なし,-,572727137,S,114
-1,(なし),-1,(なし),-1,(なし),2016/09/22 12:09:39,4,3,1,なし,-,3917976782,A,114
87,日向,-1,(なし),-1,(なし),2016/09/22 12:11:22,4,3,1,なし,-,1986921374,S,114
-1,(なし),-1,(なし),-1,(なし),2016/09/22 12:13:01,4,3,4,なし,-,2657036209,S,114
86,比叡,-1,(なし),-1,(なし),2016/09/22 12:14:43,4,3,16,なし,-,4188093512,S,114
61,青葉,-1,(なし),-1,(なし),2016/09/22 12:25:17,4,4,1,なし,-,3281538535,S,114
-1,(なし),-1,(なし),-1,(なし),2016/09/22 12:27:05,4,4,4,なし,-,1859389552,A,114
65,羽黒,-1,(なし),-1,(なし),2016/09/22 12:28:40,4,4,12,なし,-,3424283673,S,114
123,衣笠,-1,(なし),-1,(なし),2016/09/22 12:30:29,4,4,10,なし,ボス,2790535544,S,114
100,多摩,-1,(なし),-1,(なし),2016/09/22 12:45:09,5,2,1,なし,-,648858266,S,114
-1,(なし),-1,(なし),-1,(なし),2016/09/22 12:48:35,5,2,2,なし,-,3673363067,B,114
-1,(なし),-1,(なし),-1,(なし),2016/09/22 12:50:49,5,2,6,なし,-,577574387,S,114
26,扶桑,-1,(なし),-1,(なし),2016/09/22 12:53:13,5,2,14,なし,ボス,792775389,S,114
-1,(なし),-1,(なし),-1,(なし),2016/09/22 12:55:59,5,2,1,なし,-,6503171,S,114
36,雷,-1,(なし),-1,(なし),2016/09/22 12:57:42,5,2,2,なし,-,3673363067,B,114
52,龍田,-1,(なし),-1,(なし),2016/09/22 12:59:23,5,2,6,なし,-,577574387,S,114
71,利根,-1,(なし),-1,(なし),2016/09/22 13:01:07,5,2,14,なし,ボス,1457098151,S,114
59,古鷹,-1,(なし),-1,(なし),2016/09/22 13:04:57,4,3,14,なし,-,1042325960,S,114
-1,(なし),-1,(なし),-1,(なし),2016/09/22 13:06:28,4,3,16,なし,-,3493520154,S,114
63,那智,-1,(なし),-1,(なし),2016/09/22 13:08:13,4,3,14,なし,-,793993681,S,114
51,天龍,-1,(なし),-1,(なし),2016/09/22 13:10:00,4,3,16,なし,-,3493520154,S,114
-1,(なし),-1,(なし),-1,(なし),2016/09/22 13:12:30,4,3,14,なし,-,3146316991,S,114
23,由良,-1,(なし),-1,(なし),2016/09/22 13:13:49,4,3,7,なし,-,476538892,S,114
-1,(なし),-1,(なし),-1,(なし),2016/09/22 13:16:11,4,3,1,なし,-,8375255,S,114
74,祥鳳,-1,(なし),-1,(なし),2016/09/22 13:17:26,4,3,4,なし,-,3104121921,S,114
-1,(なし),-1,(なし),-1,(なし),2016/09/22 13:19:07,4,3,16,なし,-,788008611,S,114
101,木曾,-1,(なし),-1,(なし),2016/09/22 13:26:26,4,3,14,なし,-,3146316991,A,114
55,神通,-1,(なし),-1,(なし),2016/09/22 13:28:29,4,3,16,なし,-,3493520154,S,114
63,那智,-1,(なし),-1,(なし),2016/09/22 13:30:32,4,3,14,なし,-,1042325960,S,114
-1,(なし),-1,(なし),-1,(なし),2016/09/22 13:31:55,4,3,7,なし,-,2076275759,S,114
59,古鷹,-1,(なし),-1,(なし),2016/09/22 13:46:42,5,4,1,なし,-,1980937117,S,114
79,榛名,-1,(なし),-1,(なし),2016/09/22 13:48:35,5,4,12,なし,-,3955414941,S,114
86,比叡,-1,(なし),-1,(なし),2016/09/22 13:50:49,5,4,19,なし,ボス,1191204224,A,114
-1,(なし),-1,(なし),-1,(なし),2016/09/22 13:53:48,5,4,1,なし,-,1107067874,A,114
-1,(なし),-1,(なし),-1,(なし),2016/09/22 13:55:15,5,4,12,なし,-,3955414941,S,114
132,秋雲,-1,(なし),-1,(なし),2016/09/22 13:57:00,5,4,19,なし,ボス,1191204224,S,114
21,長良,-1,(なし),-1,(なし),2016/09/22 13:59:08,5,4,1,なし,-,2648041737,S,114
-1,(なし),-1,(なし),-1,(なし),2016/09/22 14:01:10,5,4,12,なし,-,3955414941,A,114
85,霧島,-1,(なし),-1,(なし),2016/09/22 14:02:51,5,4,19,なし,ボス,1009257708,S,114
-1,(なし),-1,(なし),-1,(なし),2016/09/22 14:27:06,4,3,1,なし,-,3917976782,S,114
75,飛鷹,-1,(なし),-1,(なし),2016/09/22 14:28:51,4,3,4,なし,-,2133505235,S,114
51,天龍,-1,(なし),-1,(なし),2016/09/22 14:30:25,4,3,16,なし,-,3493520154,S,114
101,木曾,-1,(なし),-1,(なし),2016/09/22 14:32:38,4,3,1,なし,-,1986921374,S,114
101,木曾,-1,(なし),-1,(なし),2016/09/22 14:35:09,4,3,14,なし,-,793993681,S,114
87,日向,-1,(なし),-1,(なし),2016/09/22 14:36:57,4,3,16,なし,-,788008611,S,114
63,那智,-1,(なし),-1,(なし),2016/09/22 14:39:09,4,3,14,なし,-,3146316991,S,114
-1,(なし),-1,(なし),-1,(なし),2016/09/22 14:40:46,4,3,7,なし,-,476538892,S,114
-1,(なし),-1,(なし),-1,(なし),2016/09/22 14:52:49,4,3,14,なし,-,3146316991,S,114
56,那珂,-1,(なし),-1,(なし),2016/09/22 14:54:46,4,3,7,なし,-,2076275759,S,114
65,羽黒,-1,(なし),-1,(なし),2016/09/22 14:57:30,4,3,1,なし,-,8375255,S,114
56,那珂,-1,(なし),-1,(なし),2016/09/22 14:58:53,4,3,4,なし,-,3104121921,S,114
87,日向,-1,(なし),-1,(なし),2016/09/22 15:00:19,4,3,7,なし,-,3628926308,S,114
-1,(なし),-1,(なし),-1,(なし),2016/09/22 15:02:17,4,3,1,なし,-,1986921374,S,114
75,飛鷹,-1,(なし),-1,(なし),2016/09/22 15:05:24,4,3,1,なし,-,3917976782,S,114
66,高雄,-1,(なし),-1,(なし),2016/09/22 15:07:57,4,3,1,なし,-,8375255,S,114
-1,(なし),-1,(なし),-1,(なし),2016/09/22 15:09:41,4,3,4,なし,-,2657036209,S,114
63,那智,-1,(なし),-1,(なし),2016/09/22 15:11:13,4,3,16,なし,-,3493520154,S,114
60,加古,-1,(なし),-1,(なし),2016/09/22 15:13:01,4,3,1,なし,-,3917976782,S,114
-1,(なし),-1,(なし),-1,(なし),2016/09/22 15:15:11,4,3,4,なし,-,3104121921,S,114
-1,(なし),-1,(なし),-1,(なし),2016/09/22 15:16:29,4,3,7,なし,-,476538892,S,114
-1,(なし),-1,(なし),-1,(なし),2016/09/22 15:18:17,4,3,1,なし,-,8375255,S,114
78,金剛,-1,(なし),-1,(なし),2016/09/22 15:19:29,4,3,4,なし,-,2133505235,S,114
-1,(なし),-1,(なし),-1,(なし),2016/09/22 15:23:24,4,3,1,なし,-,3917976782,S,114
89,鳳翔,-1,(なし),-1,(なし),2016/09/22 15:24:39,4,3,4,なし,-,3104121921,S,114
26,扶桑,-1,(なし),-1,(なし),2016/09/22 15:26:27,4,3,7,なし,-,2076275759,S,114
-1,(なし),-1,(なし),-1,(なし),2016/09/22 15:28:33,4,3,14,なし,-,1042325960,S,114
60,加古,-1,(なし),-1,(なし),2016/09/22 15:29:49,4,3,16,なし,-,4188093512,S,114
66,高雄,-1,(なし),-1,(なし),2016/09/22 15:31:44,4,3,14,なし,-,793993681,S,114
75,飛鷹,-1,(なし),-1,(なし),2016/09/22 15:33:13,4,3,16,なし,-,3493520154,S,114
56,那珂,-1,(なし),-1,(なし),2016/09/22 15:36:32,4,3,1,なし,-,8375255,S,114
-1,(なし),-1,(なし),-1,(なし),2016/09/22 15:37:57,4,3,4,なし,-,2657036209,S,114
-1,(なし),-1,(なし),-1,(なし),2016/09/22 15:39:19,4,3,7,なし,-,3628926308,S,114
-1,(なし),-1,(なし),-1,(なし),2016/09/22 15:41:30,4,3,14,なし,-,1042325960,S,114
86,比叡,-1,(なし),-1,(なし),2016/09/22 15:42:41,4,3,7,なし,-,476538892,S,114
65,羽黒,-1,(なし),-1,(なし),2016/09/22 15:44:24,4,3,14,なし,-,793993681,S,114
86,比叡,-1,(なし),-1,(なし),2016/09/22 15:48:02,4,3,1,なし,-,3917976782,S,114
60,加古,-1,(なし),-1,(なし),2016/09/22 15:49:38,4,3,4,なし,-,2657036209,S,114
-1,(なし),-1,(なし),-1,(なし),2016/09/22 15:50:52,4,3,16,なし,-,4188093512,S,114
26,扶桑,-1,(なし),-1,(なし),2016/09/22 15:53:47,4,3,14,なし,-,3146316991,S,114
77,伊勢,-1,(なし),-1,(なし),2016/09/22 15:55:36,4,3,16,なし,-,3493520154,S,114
100,多摩,-1,(なし),-1,(なし),2016/09/22 15:58:29,4,3,14,なし,-,1042325960,S,114
22,五十鈴,-1,(なし),-1,(なし),2016/09/22 15:59:50,4,3,16,なし,-,788008611,S,114
56,那珂,-1,(なし),-1,(なし),2016/09/22 16:02:24,4,3,14,なし,-,1042325960,S,114
71,利根,-1,(なし),-1,(なし),2016/09/22 16:03:49,4,3,16,なし,-,3493520154,S,114
71,利根,-1,(なし),-1,(なし),2016/09/23 12:51:53,5,4,1,なし,-,1107067874,S,114
-1,(なし),-1,(なし),-1,(なし),2016/09/23 12:53:50,5,4,12,なし,-,1563483660,A,114
37,電,-1,(なし),-1,(なし),2016/09/23 12:56:18,5,4,19,なし,ボス,3725303008,B,114
34,暁,-1,(なし),-1,(なし),2016/09/23 12:58:35,5,4,1,なし,-,2648041737,S,114
-1,(なし),-1,(なし),-1,(なし),2016/09/23 13:01:15,5,4,12,なし,-,3583205236,A,114
54,川内,-1,(なし),-1,(なし),2016/09/23 13:03:19,5,4,19,なし,ボス,3725303008,A,114
-1,(なし),-1,(なし),-1,(なし),2016/09/23 13:06:39,5,4,1,なし,-,2648041737,A,114
61,青葉,-1,(なし),-1,(なし),2016/09/23 13:08:12,5,4,12,なし,-,3583205236,S,114
71,利根,-1,(なし),-1,(なし),2016/09/23 13:12:42,5,4,19,なし,ボス,1191204224,A,114
47,涼風,-1,(なし),-1,(なし),2016/09/23 13:15:17,5,4,1,なし,-,1980937117,S,114
36,雷,-1,(なし),-1,(なし),2016/09/23 13:18:21,5,4,12,なし,-,1563483660,A,114
-2,(満員),-1,(なし),-1,(なし),2016/09/23 13:20:33,5,4,19,なし,ボス,1009257708,S,114
53,名取,-1,(なし),-1,(なし),2016/09/23 13:25:29,4,3,14,なし,-,793993681,S,114
-1,(なし),-1,(なし),-1,(なし),2016/09/23 13:27:05,4,3,7,なし,-,3628926308,S,114
61,青葉,-1,(なし),-1,(なし),2016/09/23 13:30:40,4,3,14,なし,-,1042325960,S,114
22,五十鈴,-1,(なし),-1,(なし),2016/09/23 13:32:02,4,3,7,なし,-,3628926308,S,114
-1,(なし),-1,(なし),-1,(なし),2016/09/23 13:34:20,4,3,14,なし,-,793993681,S,114
-1,(なし),-1,(なし),-1,(なし),2016/09/23 13:35:42,4,3,16,なし,-,788008611,S,114
60,加古,-1,(なし),-1,(なし),2016/09/23 13:38:15,4,3,1,なし,-,3917976782,A,114
56,那珂,-1,(なし),-1,(なし),2016/09/23 13:41:14,4,3,1,なし,-,3917976782,S,114
59,古鷹,-1,(なし),-1,(なし),2016/09/23 13:42:46,4,3,4,なし,-,2133505235,S,114
-1,(なし),-1,(なし),-1,(なし),2016/09/23 13:44:14,4,3,7,なし,-,476538892,S,114
-1,(なし),-1,(なし),-1,(なし),2016/09/23 13:46:48,4,3,14,なし,-,793993681,S,114
55,神通,-1,(なし),-1,(なし),2016/09/23 13:48:21,4,3,7,なし,-,3628926308,S,114
100,多摩,-1,(なし),-1,(なし),2016/09/23 13:50:20,4,3,14,なし,-,1042325960,S,114
67,愛宕,-1,(なし),-1,(なし),2016/09/23 13:52:07,4,3,7,なし,-,2076275759,S,114
100,多摩,-1,(なし),-1,(なし),2016/09/23 13:55:52,4,3,1,なし,-,1986921374,S,114
54,川内,-1,(なし),-1,(なし),2016/09/23 13:57:30,4,3,4,なし,-,3104121921,S,114
-1,(なし),-1,(なし),-1,(なし),2016/09/23 13:58:54,4,3,16,なし,-,788008611,S,114
-1,(なし),-1,(なし),-1,(なし),2016/09/23 14:00:41,4,3,1,なし,-,3917976782,S,114
-1,(なし),-1,(なし),-1,(なし),2016/09/23 14:01:51,4,3,4,なし,-,2133505235,S,114
59,古鷹,-1,(なし),-1,(なし),2016/09/23 14:03:00,4,3,7,なし,-,476538892,S,114
53,名取,-1,(なし),-1,(なし),2016/09/23 14:05:24,4,3,1,なし,-,3917976782,S,114
90,蒼龍,-1,(なし),-1,(なし),2016/09/23 14:06:48,4,3,4,なし,-,2133505235,S,114
68,摩耶,-1,(なし),-1,(なし),2016/09/23 14:08:50,4,3,16,なし,-,788008611,S,114
75,飛鷹,-1,(なし),-1,(なし),2016/09/23 14:11:39,4,3,14,なし,-,793993681,S,114
75,飛鷹,-1,(なし),-1,(なし),2016/09/23 14:13:15,4,3,7,なし,-,3628926308,S,114
14,敷波,-1,(なし),-1,(なし),2016/09/23 14:15:02,4,3,14,なし,-,793993681,S,114
102,千歳,-1,(なし),-1,(なし),2016/09/23 14:16:32,4,3,7,なし,-,2076275759,S,114
-1,(なし),-1,(なし),-1,(なし),2016/09/23 14:18:33,4,3,14,なし,-,3146316991,S,114
65,羽黒,-1,(なし),-1,(なし),2016/09/23 14:20:01,4,3,7,なし,-,3628926308,S,114
68,摩耶,-1,(なし),-1,(なし),2016/09/23 21:44:20,2,2,7,なし,ボス,1297630147,A,114
65,羽黒,-1,(なし),-1,(なし),2016/09/23 21:46:58,2,2,4,なし,-,2754143600,A,114
-1,(なし),-1,(なし),-1,(なし),2016/09/23 21:49:56,2,2,1,なし,-,3331787166,C,114
-1,(なし),-1,(なし),-1,(なし),2016/09/23 21:51:18,2,2,4,なし,-,2754143600,B,114
45,夕立,-1,(なし),-1,(なし),2016/09/23 21:54:50,1,5,1,なし,-,108009795,S,114
30,菊月,-1,(なし),-1,(なし),2016/09/23 21:56:04,1,5,2,なし,-,2436078450,S,114
-1,(なし),-1,(なし),-1,(なし),2016/09/23 21:57:50,1,5,4,なし,-,3837386849,S,114
53,名取,-1,(なし),-1,(なし),2016/09/23 21:58:59,1,5,10,なし,ボス,1373742552,S,114
-1,(なし),-1,(なし),-1,(なし),2016/09/23 22:02:32,1,5,1,なし,-,108009795,S,114
45,夕立,-1,(なし),-1,(なし),2016/09/23 22:04:04,1,5,2,なし,-,2436078450,S,114
18,不知火,-1,(なし),-1,(なし),2016/09/23 22:05:17,1,5,4,なし,-,3837386849,S,114
53,名取,-1,(なし),-1,(なし),2016/09/23 22:07:14,1,5,10,なし,ボス,1373742552,S,114
-1,(なし),-1,(なし),-1,(なし),2016/09/23 22:08:25,1,5,1,なし,-,108009795,S,114
31,望月,-1,(なし),-1,(なし),2016/09/23 22:09:24,1,5,2,なし,-,2436078450,S,114
28,皐月,-1,(なし),-1,(なし),2016/09/23 22:10:37,1,5,4,なし,-,3837386849,S,114
100,多摩,-1,(なし),-1,(なし),2016/09/23 22:12:26,1,5,10,なし,ボス,1373742552,S,114
26,扶桑,-1,(なし),-1,(なし),2016/09/23 22:17:09,5,1,3,なし,-,3239158213,S,114
-1,(なし),-1,(なし),-1,(なし),2016/09/23 22:19:52,5,1,2,なし,-,3865335804,C,114
-1,(なし),-1,(なし),-1,(なし),2016/09/23 22:24:53,5,1,2,なし,-,1440483839,C,114
-1,(なし),-1,(なし),-1,(なし),2016/09/23 22:29:42,5,1,3,なし,-,3239158213,A,114
-1,(なし),-1,(なし),-1,(なし),2016/09/23 22:32:17,5,1,3,なし,-,3694736678,A,114
-1,(なし),-1,(なし),-1,(なし),2016/09/23 22:34:16,5,1,3,なし,-,3239158213,A,114
-1,(なし),-1,(なし),-1,(なし),2016/09/24 10:39:55,5,1,2,なし,-,264665362,C,114
102,千歳,-1,(なし),-1,(なし),2016/09/24 10:42:53,5,1,3,なし,-,3239158213,A,114
-1,(なし),-1,(なし),-1,(なし),2016/09/24 10:45:04,5,1,3,なし,-,3239158213,S,114
2,如月,-1,(なし),-1,(なし),2016/09/24 10:49:01,5,1,3,なし,-,137064375,A,114
-1,(なし),-1,(なし),-1,(なし),2016/09/24 10:54:53,2,2,4,なし,-,2754143600,A,114
36,雷,-1,(なし),-1,(なし),2016/09/24 10:57:02,2,2,4,なし,-,1891947322,A,114
53,名取,-1,(なし),-1,(なし),2016/09/24 11:00:07,5,1,3,なし,-,3239158213,A,114
62,妙高,-1,(なし),-1,(なし),2016/09/24 11:01:58,5,1,3,なし,-,137064375,S,114
22,五十鈴,-1,(なし),-1,(なし),2016/09/24 11:04:19,5,1,3,なし,-,3694736678,A,114
61,青葉,-1,(なし),-1,(なし),2016/09/24 11:07:16,5,1,3,なし,-,3694736678,A,114
-1,(なし),-1,(なし),-1,(なし),2016/09/24 11:10:22,5,1,3,なし,-,137064375,S,114
-1,(なし),-1,(なし),-1,(なし),2016/09/24 11:12:50,5,1,3,なし,-,137064375,A,114
70,最上,-1,(なし),-1,(なし),2016/09/24 11:14:43,5,1,3,なし,-,137064375,S,114
-1,(なし),-1,(なし),-1,(なし),2016/09/24 11:16:44,5,1,3,なし,-,3694736678,A,114
-1,(なし),-1,(なし),-1,(なし),2016/09/24 12:26:01,5,1,2,なし,-,1440483839,D,114
-1,(なし),-1,(なし),-1,(なし),2016/09/24 20:40:42,5,1,2,なし,-,264665362,C,114
-1,(なし),-1,(なし),-1,(なし),2016/09/24 20:44:14,5,1,3,なし,-,3694736678,S,114
30,菊月,-1,(なし),-1,(なし),2016/09/24 20:45:56,5,1,3,なし,-,3239158213,A,114
-1,(なし),-1,(なし),-1,(なし),2016/09/24 20:48:23,5,1,3,なし,-,3239158213,A,114
-1,(なし),-1,(なし),-1,(なし),2016/09/24 20:50:45,5,1,2,なし,-,3865335804,A,114
-1,(なし),-1,(なし),-1,(なし),2016/09/24 20:54:20,5,1,3,なし,-,3239158213,A,114
-1,(なし),-1,(なし),-1,(なし),2016/09/24 21:05:40,5,1,2,なし,-,264665362,C,114
-1,(なし),-1,(なし),-1,(なし),2016/09/24 21:17:47,5,1,2,なし,-,1440483839,D,114
-1,(なし),-1,(なし),-1,(なし),2016/09/24 21:35:04,5,1,2,なし,-,1440483839,B,114
56,那珂,-1,(なし),-1,(なし),2016/09/24 21:42:25,5,1,3,なし,-,3694736678,S,114
-1,(なし),-1,(なし),-1,(なし),2016/09/24 21:47:29,5,1,2,なし,-,1440483839,C,114
-1,(なし),-1,(なし),-1,(なし),2016/09/25 15:21:34,5,1,3,なし,-,3239158213,A,114
-1,(なし),-1,(なし),-1,(なし),2016/09/25 15:23:39,5,1,3,なし,-,137064375,S,114
56,那珂,-1,(なし),-1,(なし),2016/09/25 15:27:10,2,2,4,なし,-,572727137,A,114
103,千代田,-1,(なし),-1,(なし),2016/09/25 15:33:29,5,1,3,なし,-,137064375,A,114
-1,(なし),-1,(なし),-1,(なし),2016/09/25 15:37:13,5,1,2,なし,-,3865335804,C,114
-1,(なし),-1,(なし),-1,(なし),2016/09/25 15:39:37,5,1,3,なし,-,3239158213,A,114
-1,(なし),-1,(なし),-1,(なし),2016/09/25 15:42:21,5,1,3,なし,-,137064375,A,114
-1,(なし),-1,(なし),-1,(なし),2016/09/25 15:44:42,5,1,2,なし,-,3865335804,D,114
7,三日月,-1,(なし),-1,(なし),2016/09/25 15:53:57,5,1,3,なし,-,3694736678,A,114
-1,(なし),-1,(なし),-1,(なし),2016/09/25 18:10:02,5,1,2,なし,-,3865335804,D,114
-1,(なし),-1,(なし),-1,(なし),2016/09/25 18:16:03,5,1,3,なし,-,3239158213,A,114
100,多摩,-1,(なし),-1,(なし),2016/09/25 18:39:25,5,1,3,なし,-,3694736678,S,114
63,那智,-1,(なし),-1,(なし),2016/09/25 19:43:05,5,1,3,なし,-,3694736678,S,114
60,加古,-1,(なし),-1,(なし),2016/09/25 19:44:51,5,1,3,なし,-,3239158213,S,114
-1,(なし),-1,(なし),-1,(なし),2016/09/25 19:47:11,5,1,3,なし,-,3239158213,A,114
-1,(なし),-1,(なし),-1,(なし),2016/09/25 19:51:38,5,1,2,なし,-,3865335804,D,114
-1,(なし),-1,(なし),-1,(なし),2016/09/25 20:00:19,5,1,3,なし,-,3239158213,S,114
-1,(なし),-1,(なし),-1,(なし),2016/09/25 21:18:28,5,1,3,なし,-,3239158213,A,114
75,飛鷹,-1,(なし),-1,(なし),2016/09/25 21:21:37,5,1,3,なし,-,3239158213,S,114
53,名取,-1,(なし),-1,(なし),2016/09/25 21:29:35,5,1,3,なし,-,137064375,S,114
74,祥鳳,-1,(なし),-1,(なし),2016/09/25 21:31:39,5,1,3,なし,-,3694736678,S,114
-1,(なし),-1,(なし),-1,(なし),2016/09/25 21:33:13,5,1,3,なし,-,137064375,S,114
-1,(なし),-1,(なし),-1,(なし),2016/09/25 21:34:38,5,1,3,なし,-,3694736678,S,114
101,木曾,-1,(なし),-1,(なし),2016/09/25 21:46:15,5,1,3,なし,-,3239158213,A,114
-1,(なし),-1,(なし),-1,(なし),2016/09/25 21:49:00,5,1,3,なし,-,3239158213,B,114
55,神通,-1,(なし),-1,(なし),2016/09/25 21:50:49,5,1,3,なし,-,137064375,A,114
25,北上,-1,(なし),-1,(なし),2016/09/25 21:53:10,5,1,3,なし,-,3694736678,A,114
56,那珂,-1,(なし),-1,(なし),2016/09/25 21:54:44,5,1,3,なし,-,137064375,S,114
-1,(なし),-1,(なし),-1,(なし),2016/09/25 21:57:13,5,1,2,なし,-,1440483839,D,114
-1,(なし),-1,(なし),-1,(なし),2016/09/25 22:01:15,5,1,3,なし,-,3239158213,S,114
-1,(なし),-1,(なし),-1,(なし),2016/09/25 22:03:21,5,1,2,なし,-,264665362,C,114
38,初春,-1,(なし),-1,(なし),2016/09/25 22:05:35,5,1,3,なし,-,3239158213,S,114
-1,(なし),-1,(なし),-1,(なし),2016/09/25 22:07:33,5,1,3,なし,-,3239158213,A,114
69,鳥海,-1,(なし),-1,(なし),2016/09/25 22:09:07,5,1,3,なし,-,137064375,S,114
33,叢雲,-1,(なし),-1,(なし),2016/09/25 22:11:05,5,1,3,なし,-,3694736678,A,114
-1,(なし),-1,(なし),-1,(なし),2016/09/25 22:13:38,5,1,2,なし,-,3865335804,D,114
70,最上,-1,(なし),-1,(なし),2016/09/26 10:14:56,5,1,3,なし,-,137064375,S,114
67,愛宕,-1,(なし),-1,(なし),2016/09/26 10:17:19,5,1,3,なし,-,3239158213,S,114
32,初雪,-1,(なし),-1,(なし),2016/09/26 10:20:18,2,2,1,なし,-,1689808748,A,114
19,黒潮,-1,(なし),-1,(なし),2016/09/26 10:48:30,2,2,4,なし,-,1891947322,A,114
1,睦月,-1,(なし),-1,(なし),2016/09/26 10:51:22,5,4,1,なし,-,2648041737,S,114
-1,(なし),-1,(なし),-1,(なし),2016/09/26 10:53:02,5,4,12,なし,-,1563483660,S,114
85,霧島,-1,(なし),-1,(なし),2016/09/26 10:54:39,5,4,19,なし,ボス,1009257708,S,114
71,利根,-1,(なし),-1,(なし),2016/09/26 10:56:50,5,4,1,なし,-,2648041737,S,114
9,吹雪,-1,(なし),-1,(なし),2016/09/26 10:58:49,5,4,12,なし,-,3955414941,S,114
85,霧島,-1,(なし),-1,(なし),2016/09/26 11:00:52,5,4,19,なし,ボス,1191204224,A,114
85,霧島,-1,(なし),-1,(なし),2016/09/26 11:07:31,5,4,1,なし,-,1980937117,S,114
-1,(なし),-1,(なし),-1,(なし),2016/09/26 11:09:17,5,4,12,なし,-,1563483660,A,114
123,衣笠,-1,(なし),-1,(なし),2016/09/26 11:11:24,5,4,19,なし,ボス,3725303008,B,114
71,利根,-1,(なし),-1,(なし),2016/09/26 11:15:00,5,4,1,なし,-,2648041737,S,114
55,神通,-1,(なし),-1,(なし),2016/09/26 11:17:12,5,4,12,なし,-,3583205236,A,114
76,龍驤,-1,(なし),-1,(なし),2016/09/26 11:19:25,5,4,19,なし,ボス,3725303008,A,114
55,神通,-1,(なし),-1,(なし),2016/09/26 11:23:01,5,4,1,なし,-,1107067874,S,114
17,陽炎,-1,(なし),-1,(なし),2016/09/26 11:24:47,5,4,12,なし,-,3955414941,S,114
79,榛名,-1,(なし),-1,(なし),2016/09/26 11:26:33,5,4,19,なし,ボス,1009257708,S,114
102,千歳,-1,(なし),-1,(なし),2016/09/26 11:28:23,5,4,1,なし,-,2648041737,S,114
-1,(なし),-1,(なし),-1,(なし),2016/09/26 11:30:12,5,4,12,なし,-,1563483660,B,114
72,筑摩,-1,(なし),-1,(なし),2016/09/26 11:32:29,5,4,19,なし,ボス,1009257708,A,114
-1,(なし),-1,(なし),-1,(なし),2016/09/26 11:36:39,5,1,2,なし,-,3865335804,D,114
42,白露,-1,(なし),-1,(なし),2016/09/26 11:41:47,5,1,3,なし,-,137064375,S,114
-1,(なし),-1,(なし),-1,(なし),2016/09/26 11:43:47,5,1,3,なし,-,137064375,A,114
-1,(なし),-1,(なし),-1,(なし),2016/09/26 11:45:59,5,1,3,なし,-,137064375,A,114
-1,(なし),-1,(なし),-1,(なし),2016/09/26 11:47:54,5,1,3,なし,-,3239158213,S,114
54,川内,-1,(なし),-1,(なし),2016/09/26 11:51:38,3,3,1,なし,-,2797475756,S,114
51,天龍,-1,(なし),-1,(なし),2016/09/26 11:53:44,3,3,3,なし,-,547884230,S,114
96,大潮,-1,(なし),-1,(なし),2016/09/26 11:54:57,3,3,7,なし,-,3411417950,S,114
-1,(なし),-1,(なし),-1,(なし),2016/09/26 11:56:35,3,3,1,なし,-,648071495,S,114
56,那珂,-1,(なし),-1,(なし),2016/09/26 11:57:57,3,3,3,なし,-,1269883655,S,114
23,由良,-1,(なし),-1,(なし),2016/09/26 11:59:19,3,3,7,なし,-,3202745036,S,114
78,金剛,-1,(なし),-1,(なし),2016/09/26 12:00:46,3,3,13,なし,ボス,928823074,S,114
97,満潮,-1,(なし),-1,(なし),2016/09/26 12:02:46,3,3,1,なし,-,648071495,S,114
99,球磨,-1,(なし),-1,(なし),2016/09/26 12:04:27,3,3,12,なし,-,4043564991,S,114
86,比叡,-1,(なし),-1,(なし),2016/09/26 12:06:25,3,3,13,なし,ボス,4143336126,S,114
-1,(なし),-1,(なし),-1,(なし),2016/09/26 12:18:57,3,3,1,なし,-,2797475756,S,114
66,高雄,-1,(なし),-1,(なし),2016/09/26 12:20:14,3,3,3,なし,-,3626220543,S,114
-1,(なし),-1,(なし),-1,(なし),2016/09/26 12:22:02,3,3,7,なし,-,3411417950,S,114
53,名取,-1,(なし),-1,(なし),2016/09/26 12:25:17,3,3,1,なし,-,3166583471,S,114
75,飛鷹,-1,(なし),-1,(なし),2016/09/26 12:27:15,3,3,12,なし,-,1974849312,S,114
18,不知火,-1,(なし),-1,(なし),2016/09/26 12:30:08,3,3,1,なし,-,648071495,S,114
64,足柄,-1,(なし),-1,(なし),2016/09/26 12:31:34,3,3,12,なし,-,1974849312,S,114
24,大井,-1,(なし),-1,(なし),2016/09/26 12:34:22,3,3,1,なし,-,2797475756,S,114
19,黒潮,-1,(なし),-1,(なし),2016/09/26 12:35:37,3,3,3,なし,-,1269883655,S,114
-2,(満員),-1,(なし),-1,(なし),2016/09/26 12:36:54,3,3,7,なし,-,3411417950,S,114
-1,(なし),-1,(なし),-1,(なし),2016/09/26 13:01:18,3,3,1,なし,-,3166583471,S,114
56,那珂,-1,(なし),-1,(なし),2016/09/26 13:07:48,3,3,3,なし,-,1269883655,S,114
-1,(なし),-1,(なし),-1,(なし),2016/09/26 13:09:14,3,3,7,なし,-,4290792538,S,114
87,日向,-1,(なし),-1,(なし),2016/09/26 13:15:47,3,3,13,なし,ボス,4143336126,S,114
19,黒潮,-1,(なし),-1,(なし),2016/09/26 21:35:30,3,3,1,なし,-,648071495,S,114
102,千歳,-1,(なし),-1,(なし),2016/09/26 21:36:40,3,3,3,なし,-,547884230,S,114
122,舞風,-1,(なし),-1,(なし),2016/09/26 21:39:09,3,3,11,なし,ボス,1163366728,S,114
51,天龍,-1,(なし),-1,(なし),2016/09/26 21:42:21,3,3,1,なし,-,3166583471,S,114
53,名取,-1,(なし),-1,(なし),2016/09/26 21:44:08,3,3,3,なし,-,547884230,S,114
90,蒼龍,-1,(なし),-1,(なし),2016/09/26 21:46:04,3,3,11,なし,ボス,2425041660,S,114
72,筑摩,-1,(なし),-1,(なし),2016/09/26 21:51:08,5,4,1,なし,-,1980937117,S,114
60,加古,-1,(なし),-1,(なし),2016/09/26 21:53:02,5,4,12,なし,-,3955414941,S,114
125,熊野,-1,(なし),-1,(なし),2016/09/26 21:55:05,5,4,19,なし,ボス,1191204224,S,114
102,千歳,-1,(なし),-1,(なし),2016/09/26 21:59:03,5,4,1,なし,-,2648041737,S,114
-1,(なし),-1,(なし),-1,(なし),2016/09/26 22:01:23,5,4,12,なし,-,3583205236,S,114
17,陽炎,-1,(なし),-1,(なし),2016/09/26 22:03:32,5,4,1,なし,-,1980937117,S,114
55,神通,-1,(なし),-1,(なし),2016/09/26 22:05:33,5,4,12,なし,-,3955414941,A,114
123,衣笠,-1,(なし),-1,(なし),2016/09/26 22:07:39,5,4,19,なし,ボス,1009257708,A,114
29,文月,-1,(なし),-1,(なし),2016/09/27 09:37:41,1,5,1,なし,-,108009795,S,114
32,初雪,-1,(なし),-1,(なし),2016/09/27 09:39:11,1,5,2,なし,-,2436078450,S,114
7,三日月,-1,(なし),-1,(なし),2016/09/27 09:40:32,1,5,4,なし,-,3837386849,S,114
127,伊58,-1,(なし),-1,(なし),2016/09/27 09:42:03,1,5,10,なし,ボス,1373742552,S,114
44,村雨,-1,(なし),-1,(なし),2016/09/27 09:43:21,1,5,1,なし,-,108009795,S,114
16,潮,-1,(なし),-1,(なし),2016/09/27 09:44:17,1,5,2,なし,-,2436078450,S,114
33,叢雲,-1,(なし),-1,(なし),2016/09/27 09:45:28,1,5,4,なし,-,3837386849,S,114
-2,(満員),-1,(なし),-1,(なし),2016/09/27 09:47:16,1,5,10,なし,ボス,1373742552,S,114
56,那珂,-1,(なし),-1,(なし),2016/09/27 09:54:47,1,5,1,なし,-,108009795,S,114
36,雷,-1,(なし),-1,(なし),2016/09/27 09:56:52,1,5,2,なし,-,2436078450,S,114
-1,(なし),-1,(なし),-1,(なし),2016/09/27 09:59:43,1,5,4,なし,-,3837386849,S,114
9,吹雪,-1,(なし),-1,(なし),2016/09/27 10:01:53,1,5,10,なし,ボス,1373742552,S,114
-1,(なし),-1,(なし),-1,(なし),2016/09/27 10:08:43,1,5,1,なし,-,108009795,S,114
-1,(なし),-1,(なし),-1,(なし),2016/09/27 10:10:50,1,5,2,なし,-,2436078450,S,114
53,名取,-1,(なし),-1,(なし),2016/09/27 10:11:53,1,5,4,なし,-,3837386849,S,114
89,鳳翔,-1,(なし),-1,(なし),2016/09/27 10:14:06,1,5,10,なし,ボス,1373742552,S,114
28,皐月,-1,(なし),-1,(なし),2016/09/27 10:15:34,1,5,1,なし,-,108009795,S,114
41,初霜,-1,(なし),-1,(なし),2016/09/27 10:16:33,1,5,2,なし,-,2436078450,S,114
29,文月,-1,(なし),-1,(なし),2016/09/27 10:18:02,1,5,4,なし,-,3837386849,S,114
89,鳳翔,-1,(なし),-1,(なし),2016/09/27 10:20:05,1,5,10,なし,ボス,1373742552,S,114
10,白雪,-1,(なし),-1,(なし),2016/09/27 10:23:11,1,5,1,なし,-,108009795,S,114
2,如月,-1,(なし),-1,(なし),2016/09/27 10:24:26,1,5,2,なし,-,2436078450,S,114
6,長月,-1,(なし),-1,(なし),2016/09/27 10:26:06,1,5,4,なし,-,3837386849,S,114
59,古鷹,-1,(なし),-1,(なし),2016/09/27 10:27:41,1,5,10,なし,ボス,1373742552,S,114
93,朧,-1,(なし),-1,(なし),2016/09/27 10:28:57,1,5,1,なし,-,108009795,S,114
29,文月,-1,(なし),-1,(なし),2016/09/27 10:30:20,1,5,2,なし,-,2436078450,S,114
22,五十鈴,-1,(なし),-1,(なし),2016/09/27 10:34:13,1,5,4,なし,-,3837386849,S,114
56,那珂,-1,(なし),-1,(なし),2016/09/27 10:35:49,1,5,10,なし,ボス,1373742552,S,114
33,叢雲,-1,(なし),-1,(なし),2016/09/27 10:37:38,1,5,1,なし,-,108009795,S,114
56,那珂,-1,(なし),-1,(なし),2016/09/27 10:38:52,1,5,2,なし,-,2436078450,S,114
98,荒潮,-1,(なし),-1,(なし),2016/09/27 10:40:20,1,5,4,なし,-,3837386849,S,114
-2,(満員),-1,(なし),-1,(なし),2016/09/27 10:41:51,1,5,10,なし,ボス,1373742552,S,114
-1,(なし),-1,(なし),-1,(なし),2016/09/27 10:47:26,1,5,1,なし,-,108009795,S,114
96,大潮,-1,(なし),-1,(なし),2016/09/27 10:48:21,1,5,2,なし,-,2436078450,S,114
103,千代田,-1,(なし),-1,(なし),2016/09/27 10:49:26,1,5,4,なし,-,3837386849,S,114
126,伊168,-1,(なし),-1,(なし),2016/09/27 10:50:58,1,5,10,なし,ボス,1373742552,S,114
-1,(なし),-1,(なし),-1,(なし),2016/09/27 10:52:04,1,5,1,なし,-,108009795,S,114
29,文月,-1,(なし),-1,(なし),2016/09/27 10:52:51,1,5,2,なし,-,2436078450,S,114
94,漣,-1,(なし),-1,(なし),2016/09/27 10:54:05,1,5,4,なし,-,3837386849,S,114
191,伊19,-1,(なし),-1,(なし),2016/09/27 10:56:16,1,5,10,なし,ボス,1373742552,S,114
49,霞,-1,(なし),-1,(なし),2016/09/27 10:59:28,1,5,1,なし,-,108009795,S,114
16,潮,-1,(なし),-1,(なし),2016/09/27 11:00:32,1,5,2,なし,-,2436078450,S,114
15,曙,-1,(なし),-1,(なし),2016/09/27 11:01:52,1,5,4,なし,-,3837386849,S,114
56,那珂,-1,(なし),-1,(なし),2016/09/27 11:04:00,1,5,10,なし,ボス,1373742552,S,114
-1,(なし),-1,(なし),-1,(なし),2016/09/27 11:06:03,1,5,1,なし,-,108009795,S,114
53,名取,-1,(なし),-1,(なし),2016/09/27 11:07:05,1,5,2,なし,-,2436078450,S,114
-1,(なし),-1,(なし),-1,(なし),2016/09/27 11:08:43,1,5,4,なし,-,3837386849,S,114
191,伊19,-1,(なし),-1,(なし),2016/09/27 11:10:03,1,5,10,なし,ボス,1373742552,S,114
-1,(なし),-1,(なし),-1,(なし),2016/09/27 13:31:59,4,2,2,なし,-,963701455,A,114
-1,(なし),-1,(なし),-1,(なし),2016/09/27 13:33:49,4,2,6,なし,-,2416119866,B,114
-1,(なし),-1,(なし),-1,(なし),2016/09/27 13:36:44,4,2,12,なし,-,1737267311,A,114
87,日向,-1,(なし),-1,(なし),2016/09/27 13:44:00,4,2,13,なし,ボス,861357545,A,114
-1,(なし),-1,(なし),-1,(なし),2016/09/27 13:47:30,4,2,1,なし,-,3414836491,D,114
-1,(なし),-1,(なし),-1,(なし),2016/09/27 13:50:31,4,2,7,なし,-,843001092,B,114
79,榛名,-1,(なし),-1,(なし),2016/09/27 13:52:45,4,2,13,なし,ボス,861357545,A,114
-1,(なし),-1,(なし),-1,(なし),2016/09/27 13:56:52,4,2,1,なし,-,3529144938,B,114
47,涼風,-1,(なし),-1,(なし),2016/09/27 13:59:41,4,2,11,なし,-,4280059846,A,114
-1,(なし),-1,(なし),-1,(なし),2016/09/27 14:02:19,4,2,8,なし,-,1780038681,A,114
-1,(なし),-1,(なし),-1,(なし),2016/09/27 14:12:12,4,2,1,なし,-,3529144938,B,114
47,涼風,-1,(なし),-1,(なし),2016/09/27 14:13:20,4,2,11,なし,-,848668496,S,114
66,高雄,-1,(なし),-1,(なし),2016/09/27 14:14:44,4,2,8,なし,-,1780038681,S,114
28,皐月,-1,(なし),-1,(なし),2016/09/27 21:04:07,5,4,1,なし,-,2648041737,A,114
7,三日月,-1,(なし),-1,(なし),2016/09/27 21:06:00,5,4,12,なし,-,3955414941,S,114
135,長波,-1,(なし),-1,(なし),2016/09/27 21:08:12,5,4,19,なし,ボス,1191204224,S,114
47,涼風,-1,(なし),-1,(なし),2016/09/27 21:23:38,5,4,1,なし,-,1980937117,S,114
21,長良,-1,(なし),-1,(なし),2016/09/27 21:26:17,5,4,12,なし,-,3583205236,A,114
-1,(なし),-1,(なし),-1,(なし),2016/09/27 21:35:03,5,4,1,なし,-,1107067874,A,114
-1,(なし),-1,(なし),-1,(なし),2016/09/27 21:37:29,5,4,12,なし,-,3583205236,A,114
115,夕張,-1,(なし),-1,(なし),2016/09/27 21:39:21,5,4,19,なし,ボス,1191204224,S,114
102,千歳,-1,(なし),-1,(なし),2016/09/27 22:24:21,5,4,1,なし,-,1980937117,S,114
-1,(なし),-1,(なし),-1,(なし),2016/09/27 22:26:29,5,4,12,なし,-,3955414941,B,114
37,電,-1,(なし),-1,(なし),2016/09/27 22:32:21,5,4,19,なし,ボス,1009257708,B,114
