﻿<?xml version="1.0" encoding="utf-8"?>
<!--DockPanel configuration file. Author: Weifen Luo, all rights reserved.-->
<!--!!! AUTOMATICALLY GENERATED FILE. DO NOT MODIFY !!!-->
<DockPanel FormatVersion="1.0" DockLeftPortion="150" DockRightPortion="498" DockTopPortion="209" DockBottomPortion="243" ActiveDocumentPane="0" ActivePane="10">
  <Contents Count="17">
    <Content ID="0" PersistString="Browser" AutoHidePortion="150" IsHidden="False" IsFloat="False" />
    <Content ID="1" PersistString="Quest" AutoHidePortion="209" IsHidden="False" IsFloat="False" />
    <Content ID="2" PersistString="ShipGroup?SplitterDistance=50" AutoHidePortion="498" IsHidden="False" IsFloat="False" />
    <Content ID="3" PersistString="Fleet #1" AutoHidePortion="209" IsHidden="False" IsFloat="False" />
    <Content ID="4" PersistString="Fleet #2" AutoHidePortion="209" IsHidden="False" IsFloat="False" />
    <Content ID="5" PersistString="Fleet #3" AutoHidePortion="209" IsHidden="False" IsFloat="False" />
    <Content ID="6" PersistString="Fleet #4" AutoHidePortion="209" IsHidden="False" IsFloat="False" />
    <Content ID="7" PersistString="Battle" AutoHidePortion="498" IsHidden="False" IsFloat="False" />
    <Content ID="8" PersistString="Compass" AutoHidePortion="498" IsHidden="False" IsFloat="False" />
    <Content ID="9" PersistString="HeadQuarters" AutoHidePortion="209" IsHidden="False" IsFloat="False" />
    <Content ID="10" PersistString="Information" AutoHidePortion="498" IsHidden="False" IsFloat="False" />
    <Content ID="11" PersistString="Log" AutoHidePortion="150" IsHidden="False" IsFloat="False" />
    <Content ID="12" PersistString="FleetOverview" AutoHidePortion="209" IsHidden="False" IsFloat="False" />
    <Content ID="13" PersistString="Arsenal" AutoHidePortion="209" IsHidden="False" IsFloat="False" />
    <Content ID="14" PersistString="Dock" AutoHidePortion="209" IsHidden="False" IsFloat="False" />
    <Content ID="15" PersistString="BaseAirCorps" AutoHidePortion="209" IsHidden="False" IsFloat="False" />
    <Content ID="16" PersistString="Json" AutoHidePortion="150" IsHidden="True" IsFloat="False" />
  </Contents>
  <Panes Count="17">
    <Pane ID="0" DockState="Document" ActiveContent="0">
      <Contents Count="3">
        <Content ID="0" RefID="0" />
        <Content ID="1" RefID="11" />
        <Content ID="2" RefID="16" />
      </Contents>
    </Pane>
    <Pane ID="1" DockState="Float" ActiveContent="-1">
      <Contents Count="3">
        <Content ID="0" RefID="3" />
        <Content ID="1" RefID="5" />
        <Content ID="2" RefID="6" />
      </Contents>
    </Pane>
    <Pane ID="2" DockState="DockTop" ActiveContent="3">
      <Contents Count="1">
        <Content ID="0" RefID="3" />
      </Contents>
    </Pane>
    <Pane ID="3" DockState="Float" ActiveContent="-1">
      <Contents Count="1">
        <Content ID="0" RefID="9" />
      </Contents>
    </Pane>
    <Pane ID="4" DockState="DockTop" ActiveContent="9">
      <Contents Count="1">
        <Content ID="0" RefID="9" />
      </Contents>
    </Pane>
    <Pane ID="5" DockState="DockTop" ActiveContent="14">
      <Contents Count="2">
        <Content ID="0" RefID="14" />
        <Content ID="1" RefID="13" />
      </Contents>
    </Pane>
    <Pane ID="6" DockState="DockTop" ActiveContent="1">
      <Contents Count="5">
        <Content ID="0" RefID="1" />
        <Content ID="1" RefID="4" />
        <Content ID="2" RefID="5" />
        <Content ID="3" RefID="6" />
        <Content ID="4" RefID="15" />
      </Contents>
    </Pane>
    <Pane ID="7" DockState="Float" ActiveContent="-1">
      <Contents Count="1">
        <Content ID="0" RefID="7" />
      </Contents>
    </Pane>
    <Pane ID="8" DockState="Float" ActiveContent="-1">
      <Contents Count="1">
        <Content ID="0" RefID="12" />
      </Contents>
    </Pane>
    <Pane ID="9" DockState="DockTop" ActiveContent="12">
      <Contents Count="1">
        <Content ID="0" RefID="12" />
      </Contents>
    </Pane>
    <Pane ID="10" DockState="DockRight" ActiveContent="2">
      <Contents Count="2">
        <Content ID="0" RefID="7" />
        <Content ID="1" RefID="2" />
      </Contents>
    </Pane>
    <Pane ID="11" DockState="Float" ActiveContent="-1">
      <Contents Count="1">
        <Content ID="0" RefID="4" />
      </Contents>
    </Pane>
    <Pane ID="12" DockState="Float" ActiveContent="-1">
      <Contents Count="1">
        <Content ID="0" RefID="8" />
      </Contents>
    </Pane>
    <Pane ID="13" DockState="DockRight" ActiveContent="8">
      <Contents Count="1">
        <Content ID="0" RefID="8" />
      </Contents>
    </Pane>
    <Pane ID="14" DockState="Float" ActiveContent="-1">
      <Contents Count="1">
        <Content ID="0" RefID="10" />
      </Contents>
    </Pane>
    <Pane ID="15" DockState="DockRight" ActiveContent="10">
      <Contents Count="1">
        <Content ID="0" RefID="10" />
      </Contents>
    </Pane>
    <Pane ID="16" DockState="Float" ActiveContent="-1">
      <Contents Count="1">
        <Content ID="0" RefID="1" />
      </Contents>
    </Pane>
  </Panes>
  <DockWindows>
    <DockWindow ID="0" DockState="Document" ZOrderIndex="1">
      <NestedPanes Count="1">
        <Pane ID="0" RefID="0" PrevPane="-1" Alignment="Right" Proportion="0.5" />
      </NestedPanes>
    </DockWindow>
    <DockWindow ID="1" DockState="DockLeft" ZOrderIndex="5">
      <NestedPanes Count="0" />
    </DockWindow>
    <DockWindow ID="2" DockState="DockRight" ZOrderIndex="2">
      <NestedPanes Count="3">
        <Pane ID="0" RefID="10" PrevPane="-1" Alignment="Bottom" Proportion="0.5" />
        <Pane ID="1" RefID="13" PrevPane="10" Alignment="Bottom" Proportion="0.289829546386402" />
        <Pane ID="2" RefID="15" PrevPane="13" Alignment="Right" Proportion="0.408655328945939" />
      </NestedPanes>
    </DockWindow>
    <DockWindow ID="3" DockState="DockTop" ZOrderIndex="3">
      <NestedPanes Count="5">
        <Pane ID="0" RefID="2" PrevPane="-1" Alignment="Right" Proportion="0.5" />
        <Pane ID="1" RefID="9" PrevPane="2" Alignment="Right" Proportion="0.699239956568947" />
        <Pane ID="2" RefID="5" PrevPane="9" Alignment="Right" Proportion="0.310257389973736" />
        <Pane ID="3" RefID="4" PrevPane="5" Alignment="Right" Proportion="0.437582634216857" />
        <Pane ID="4" RefID="6" PrevPane="9" Alignment="Left" Proportion="0.753947515273269" />
      </NestedPanes>
    </DockWindow>
    <DockWindow ID="4" DockState="DockBottom" ZOrderIndex="4">
      <NestedPanes Count="0" />
    </DockWindow>
  </DockWindows>
  <FloatWindows Count="8">
    <FloatWindow ID="0" Bounds="39, 458, 464, 300" ZOrderIndex="0">
      <NestedPanes Count="1">
        <Pane ID="0" RefID="1" PrevPane="-1" Alignment="Right" Proportion="0.5" />
      </NestedPanes>
    </FloatWindow>
    <FloatWindow ID="1" Bounds="460, 400, 400, 295" ZOrderIndex="1">
      <NestedPanes Count="1">
        <Pane ID="0" RefID="3" PrevPane="-1" Alignment="Right" Proportion="0.5" />
      </NestedPanes>
    </FloatWindow>
    <FloatWindow ID="2" Bounds="1082, 440, 400, 300" ZOrderIndex="2">
      <NestedPanes Count="1">
        <Pane ID="0" RefID="8" PrevPane="-1" Alignment="Right" Proportion="0.5" />
      </NestedPanes>
    </FloatWindow>
    <FloatWindow ID="3" Bounds="842, 138, 400, 300" ZOrderIndex="3">
      <NestedPanes Count="1">
        <Pane ID="0" RefID="7" PrevPane="-1" Alignment="Right" Proportion="0.5" />
      </NestedPanes>
    </FloatWindow>
    <FloatWindow ID="4" Bounds="549, 0, 464, 300" ZOrderIndex="4">
      <NestedPanes Count="1">
        <Pane ID="0" RefID="11" PrevPane="-1" Alignment="Right" Proportion="0.5" />
      </NestedPanes>
    </FloatWindow>
    <FloatWindow ID="5" Bounds="1353, 780, 400, 300" ZOrderIndex="5">
      <NestedPanes Count="1">
        <Pane ID="0" RefID="12" PrevPane="-1" Alignment="Right" Proportion="0.5" />
      </NestedPanes>
    </FloatWindow>
    <FloatWindow ID="6" Bounds="1573, 785, 400, 295" ZOrderIndex="6">
      <NestedPanes Count="1">
        <Pane ID="0" RefID="14" PrevPane="-1" Alignment="Right" Proportion="0.5" />
      </NestedPanes>
    </FloatWindow>
    <FloatWindow ID="7" Bounds="760, 131, 400, 300" ZOrderIndex="7">
      <NestedPanes Count="1">
        <Pane ID="0" RefID="16" PrevPane="-1" Alignment="Right" Proportion="0.5" />
      </NestedPanes>
    </FloatWindow>
  </FloatWindows>
</DockPanel>